miRNA.ID,logCPM,logFC.38vs33,F.38vs33,PValue.38vs33,FDR.38vs33,logFC.43vs38,F.43vs38,PValue.43vs38,FDR.43vs38,logFC.43vs33,F.43vs33,PValue.43vs33,FDR.43vs33
known:CALPDS010000185.1_47481,11.1833769900248,-0.296037689080012,3.36326573835462,0.0881832561446183,0.275687983098139,0.00324886571334357,0.000704721495717632,0.979199119928521,0.98887543904644,-0.292788823366668,3.2888597157135,0.0914168063367954,0.169684619981312
known:CALPDS010000378.1_48005,17.0339612022332,-0.298374564496156,3.90226782685603,0.0684423790890132,0.244051114909508,-0.0710165719335516,0.381137607778158,0.546986263857974,0.724262482228956,-0.369391136429708,5.95623482713894,0.0286842409318103,0.0681879762501807
known:CALPDS010000378.1_48036,6.28390288449251,0.226890313865097,0.31201690215395,0.585340862498831,0.78919091411534,-0.58849999635389,3.43461891272996,0.0852107953552302,0.220765608388609,-0.361609682488794,0.736766167516242,0.405272176540194,0.560350815522411
known:OW982291.1_1658,12.9223664548872,0.160028507177288,0.718698801678664,0.410946383605981,0.674198606760187,-0.0696443860647129,0.23966027361424,0.63209473635293,0.796733365356484,0.0903841211125747,0.228137328881851,0.640339751779786,0.74477284434473
known:OW982291.1_2296,8.79731193861032,-0.0758969808948082,0.0792432043488409,0.782477186018902,0.913569405695632,-0.373516512271473,3.37130193366862,0.087842318739401,0.220765608388609,-0.449413493166281,2.7482951668546,0.119768694028512,0.214949113124018
known:OW982291.1_2298,9.5765164809084,-0.447151195321769,3.54271588284572,0.0809335078213358,0.26826198163058,-0.0855625506337866,0.222970732024947,0.644120706554097,0.803635290820962,-0.532713745955555,5.03562913235975,0.0416643359173375,0.0933143391206483
known:OW982291.1_2300,14.639516329174,-0.00266408062228771,0.00025423788036535,0.987505236723686,0.987505236723686,-0.154686285734152,1.49644015957113,0.24157473555406,0.4610334741912,-0.15735036635644,0.887490933182608,0.362260580600132,0.513992760956209
known:OW982291.1_2498,8.93771253260216,-0.212986367998035,0.977581615701596,0.339713500937022,0.610184585803273,-0.179786991512344,1.2324623570597,0.285784392118918,0.496458783745043,-0.392773359510379,3.34970206876894,0.0887623165279322,0.16589370882117
known:OW982291.1_2499,12.4335949919147,-0.690597101670917,9.41746845435105,0.00840032899837723,0.0734351341471042,0.264978862773439,2.41320456106656,0.142806053081168,0.319483198811519,-0.425618238897479,3.68845067279319,0.075566949849867,0.146066222416392
known:OW982291.1_3058,7.02210786211576,-1.16192143136222,11.1519239841839,0.0049135621831754,0.0532630140656213,-0.227009105471533,0.7038165655663,0.415713907221979,0.622410924855871,-1.38893053683376,17.2262375725103,0.000997083631034974,0.00491290298200869
known:OW982291.1_4863,7.1603275229073,0.747069064897621,3.99362088075565,0.0656443210144531,0.244051114909508,0.396935671539494,2.32288560085791,0.149930985624613,0.32505037683416,1.14400473643712,9.93312700698435,0.00712888077218896,0.0227285492854495
known:OW982291.1_494,12.6714320405465,-0.0959651738322086,0.387354106822865,0.543779167731175,0.776800740847729,0.140418990539932,1.46539668186669,0.246276435792482,0.46671967901932,0.0444538167077238,0.0844015429996644,0.775712657483437,0.861549713844309
known:OW982291.1_6720,12.3608758020397,0.0311031425537135,0.0183895126040798,0.894077495579492,0.967345317397203,0.0176179532905189,0.010457776624646,0.920009828707419,0.968629678777313,0.0487210958442324,0.0455826530242294,0.834039251297888,0.889860775991054
known:OW982291.1_6721,8.50038403711605,0.180675785547973,0.471835250400193,0.503455189050528,0.746450793990523,0.0789382347183279,0.173903895348705,0.683040676822927,0.834560371028157,0.259614020266301,0.992567569362826,0.336161187386689,0.483374996562548
known:OW982291.1_6724,11.5298362599903,0.606130705215373,4.26685161983921,0.05805170816563,0.231353131071849,0.435726275560486,4.15055047083892,0.0611486769538286,0.179163191981319,1.04185698077586,13.4189940243793,0.00258907389323843,0.0107944465395018
known:OW982291.1_6727,12.7249640661753,-0.0242866977087617,0.00851229326743753,0.927807691597469,0.967345317397203,-0.00366899791727709,0.000345737362729436,0.985429516586353,0.989079255536673,-0.0279556956260388,0.0116274393679715,0.915672657510041,0.939951856762201
known:OW982291.1_6991,11.2051210746406,-0.219352658981482,1.30217464367398,0.273115293247801,0.544222385809956,0.30725803919991,4.55782950254247,0.0510824921514776,0.159119027276442,0.0879053802184282,0.21628430966329,0.649095062345566,0.751729751690805
known:OW982291.1_6993,9.00293205057677,0.700316385995374,6.08802946041652,0.0272430655487405,0.145825593786376,0.309958157496385,2.39206516314022,0.144435330604742,0.319483198811519,1.01027454349176,12.8777816232887,0.00300029766363894,0.011783777780379
known:OW982291.1_73,10.4093776238583,-0.312166948721588,1.97167580204985,0.18224068349785,0.422113036136046,-0.808969093574206,21.464394255896,0.000395631160473125,0.00670100278051355,-1.12113604229579,23.8164482709536,0.000248871957258138,0.00192698001191301
known:OW982291.1_77,10.269849804314,0.418476627093207,2.14164753344418,0.165615165898692,0.400729553201299,-0.541629711950903,6.53536107156501,0.0229443826813046,0.0956640542249322,-0.123153084857696,0.188453537819795,0.670876202407052,0.773648727031112
known:OW982291.1_814,4.49368696952191,-0.251356513758365,0.0832054866582827,0.777260659348698,0.913569405695632,0.586744865378874,1.00373322950588,0.333549001914602,0.538988790295446,0.335388351620509,0.159742303575683,0.695474067596522,0.791905345876712
known:OW982292.1_10416,12.748040511285,-0.284165985502657,4.02930456588374,0.0645884763879804,0.244051114909508,-0.0303177415474912,0.0796190456749065,0.781976380161934,0.911893966983291,-0.314483727050148,4.94573664748758,0.0432685848854721,0.0961130041308437
known:OW982292.1_11552,12.2540252442149,-0.00545343327197662,0.00026735284376045,0.987187045341773,0.987505236723686,4.05175640863568,182.667942925064,2.21877902643262e-09,6.01289116163241e-07,4.04630297536371,95.8258712684553,1.30580517065678e-07,2.23446156268348e-05
known:OW982292.1_8979,6.67427477180833,-1.25461599232922,7.1685337021911,0.0181383473117293,0.111715730033605,-0.273407119185434,0.506753519453396,0.488336134189314,0.675199450843389,-1.52802311151465,9.4450332024866,0.0083260688576729,0.0250707184492151
known:OW982292.1_8980,6.66835132831977,-1.28463085744752,7.65979016035424,0.0152054444416701,0.100504279114453,-0.256019587831178,0.45395651685084,0.511522390469103,0.689664516503118,-1.5406504452787,9.82260082016481,0.00738153327806894,0.0232604130041475
known:OW982292.1_9046,12.5161930615151,-0.0467035147868395,0.105716965290548,0.749921203894964,0.90727074221221,0.293236230119378,7.26745141548282,0.017498376719247,0.0842594562530947,0.246532715332538,2.88776411790713,0.111536527592362,0.201876812423927
known:OW982292.1_9221,10.9792066454002,0.172665073761229,0.864947919765894,0.368245053624611,0.635633181734202,-0.554937734425919,15.211761239868,0.00162424096866428,0.0151782518106214,-0.382272660664691,4.10875473964691,0.0623092797017349,0.126961013527595
known:OW982292.1_9226,10.6333056258475,-0.189575530493189,1.15302872421918,0.301222587294508,0.574868458850787,0.165226148025928,1.5327371134942,0.236226585855946,0.457267176906867,-0.0243493824672614,0.0188564324740169,0.892750125935897,0.919906023302768
known:OW982292.1_9450,5.65947330165134,0.32667558990169,0.269704920951658,0.611708180151838,0.816615353798759,0.348999000123653,0.673771644520437,0.425607989208014,0.622410924855871,0.675674590025343,1.1956037639613,0.292808958319478,0.442870397944959
known:OW982293.1_12063,5.26304960403721,0.18852536671243,0.0697498054025332,0.795580737063355,0.913569405695632,0.421778760515491,0.669070696799254,0.427189786063439,0.622410924855871,0.610304127227921,0.723256172930949,0.409503501116213,0.560482064659059
known:OW982293.1_12064,5.26304960403721,0.18852536671243,0.0697498054025332,0.795580737063355,0.913569405695632,0.421778760515491,0.669070696799254,0.427189786063439,0.622410924855871,0.610304127227921,0.723256172930949,0.409503501116213,0.560482064659059
known:OW982293.1_13413,6.43767018255248,-0.55945542431946,1.53460553956774,0.235955525492189,0.503495648884907,-0.563881461437966,2.49583308060839,0.136651789271695,0.311198612543103,-1.12333688575743,6.07811016112254,0.0273485429058059,0.0664123280798816
known:OW982293.1_13414,6.79530837259932,-0.247925643351158,0.360644411888118,0.557823874376172,0.784689183240115,-0.0883979686935622,0.0800161427009834,0.781448642455989,0.911893966983291,-0.33632361204472,0.682539206202751,0.422682593192218,0.572734913775455
known:OW982293.1_13826,9.60989644269114,0.606612514064925,5.63040986176798,0.0326468880233703,0.163839012117284,0.774231261744715,17.577379812892,0.000918991757136728,0.0113203075538206,1.38084377580964,29.1474954338657,9.65195440038868e-05,0.00124556173452635
known:OW982293.1_14549,7.80874359006194,-0.529986544297628,4.54870283131671,0.0512855045442835,0.220609075103188,-0.77520208493232,15.7247978963807,0.00142956853481096,0.014275952823376,-1.30518862922995,28.1348179152955,0.000114422337536993,0.00134819362924022
known:OW982293.1_14552,6.5057072567529,-0.772474346461239,2.33351897666362,0.149069578094361,0.400729553201299,0.0659714923831505,0.0291997524045425,0.866783629344002,0.95100552045435,-0.706502854078088,2.02952317300507,0.17635536152155,0.28790543959241
known:OW982294.1_44233,7.69778303131794,-0.0221571959215804,0.00690051582716313,0.934982045057259,0.967345317397203,0.212977914727021,1.20274140739467,0.291430274753844,0.496714493448376,0.190820718805441,0.524930715854603,0.480776741227778,0.619999161318294
known:OW982294.1_44316,11.6164060264619,0.323625153415106,3.43298583927759,0.0852774673132241,0.275121352879568,0.139975599707416,1.1508004638052,0.30167210597469,0.507783482727583,0.463600753122522,7.10826958452234,0.0185415687247659,0.0483150492731881
known:OW982294.1_44435,16.5771848484208,0.013662172657761,0.00762681639884734,0.931654820008121,0.967345317397203,0.106844903253024,0.81061141763274,0.383289046777262,0.593550466723646,0.120507075910785,0.58237781223869,0.458151839420237,0.605654382843337
known:OW982294.1_44437,11.8719171749451,0.0457915241165512,0.0438676943397591,0.837141675976123,0.945272475789705,0.0957719893753534,0.344090412402728,0.566892448475345,0.745766279304944,0.141563513491905,0.433003244369525,0.521279769285697,0.657054965006623
known:OW982294.1_44439,15.2506604694507,-0.0551432731394942,0.138431472980017,0.715461993557228,0.882775272940331,0.172279150445064,2.38473979779961,0.145005289497479,0.319483198811519,0.11713587730557,0.634844708739805,0.438995522696026,0.58778159193983
known:OW982294.1_44887,7.55219993419755,-0.513996296627281,3.23731754348733,0.0937406787882181,0.285435100579855,-0.525968328340428,5.0272600188403,0.0418107044129619,0.143426593619148,-1.03996462496771,12.4172478139684,0.00341022903589539,0.0130165080102486
known:OW982294.1_44888,6.98516068656245,-0.249638481346718,0.552918263197477,0.46952363339342,0.722959685509186,-0.785212488938879,8.19931595082741,0.0125978469779671,0.0711253443964394,-1.0348509702856,8.94513027102698,0.00979984250049209,0.0291841463476193
known:OW982294.1_45095,17.0335793790888,-0.314117351506182,4.32408515554901,0.0565960910284832,0.228918517443566,-0.0654774267264791,0.323648655679101,0.578509400759396,0.756098025600099,-0.379594778232661,6.2827347042353,0.0252657499937137,0.0628166811770312
known:OW982294.1_45535,5.3524082240444,-0.630796800826808,0.824961226963499,0.379227816571699,0.646356844597047,0.200604086865396,0.149996460312134,0.704410057755844,0.850625261730327,-0.430192713961411,0.433848714507638,0.520879469032663,0.657054965006623
known:OW982294.1_46496,6.06646618463982,-0.0586259238773914,0.0174651122099148,0.896757072301086,0.967345317397203,-0.841297217558533,5.88714398156887,0.0294752603940288,0.111672678167518,-0.899923141435925,4.01752873861982,0.0649346629755341,0.12978144199258
known:OW982295.1_16939,4.38833853109399,0.979554140183654,0.714547048664828,0.412267762014009,0.674198606760187,0.704162706664343,0.879896034781703,0.36426062819482,0.573922268841838,1.683716846848,2.29056825985618,0.152587299017039,0.258444737710111
known:OW982295.1_17122,10.3746096607354,0.208734517689286,0.980607605795494,0.338991877483206,0.610184585803273,0.380464017386534,6.08261375627113,0.0273005947080191,0.108800899498135,0.58919853507582,7.97596571623495,0.0136088892947683,0.0376327448865532
known:OW982295.1_17129,13.4490781643485,-0.576237097834618,13.5990219447873,0.00246694586777912,0.0318353490556258,-0.117067046162114,0.934903057074315,0.350132063562862,0.558151701326679,-0.693304143996732,18.8034163727437,0.000696439717548705,0.00376321287189431
known:OW982296.1_17568,11.7587708866145,1.28885259976577,26.165177331047,0.000161325889059236,0.0190987119670136,0.588309630496337,10.7850478229226,0.00548384010484855,0.037153016710349,1.87716223026211,54.948180715218,3.45297061733177e-06,0.000233938759324227
known:OW982296.1_17769,8.16503722408267,0.945069361293258,13.6545843474755,0.0024306008656894,0.0318353490556258,0.588599180525172,12.635961709465,0.00320800572287757,0.0248391300257092,1.53366854181843,36.7935185471412,3.01199235999665e-05,0.000544166619706061
known:OW982296.1_17770,9.50169244710869,0.445920153531462,3.84697719331115,0.0702049226675113,0.244128561575459,0.132581795721091,0.639676375309216,0.437297296105148,0.632555808512486,0.578501949252553,6.21773853148935,0.0259065900221811,0.0638244172364644
known:OW982296.1_20355,6.60504247762986,1.0527782899582,6.01952797482358,0.0279812947486773,0.145825593786376,0.734262884365881,6.65984567589164,0.0218924439278554,0.094172258800775,1.78704117432408,17.9145591951569,0.000850545232889748,0.00434901430402116
known:OW982296.1_20356,6.29193925403077,0.666160732775879,2.17727258444353,0.162375797239116,0.400729553201299,0.765281674133627,6.28785192584435,0.0252160860607424,0.101993422723301,1.43144240690951,10.5677351228531,0.00585753372587568,0.0193584346306379
known:OW982297.1_20532,3.91780910220699,-0.304059294674354,0.0737213370353104,0.789988620846344,0.913569405695632,-1.95670647036346,3.29920771873019,0.0909586542410044,0.223430343920915,-2.26076576503782,4.01091134056764,0.0651301701512577,0.12978144199258
known:OW982297.1_20558,6.65026573256267,-0.609417983152449,2.29699106747614,0.152054742215177,0.400729553201299,0.498072350030548,2.87585572175364,0.11221190139089,0.264429785016792,-0.111345633121901,0.0817897440651754,0.779108727784711,0.861789653998599
known:OW982297.1_21451,10.1798834850175,-0.0529650165213163,0.0990756520958459,0.75762175917699,0.908475649278604,0.226975078174554,3.25329096456958,0.0930129491774456,0.225058118098998,0.174010061653238,1.07275907409759,0.318024938777016,0.463358916175115
known:OW982297.1_22176,8.9279339269464,0.213384877512502,0.427867343740382,0.523723680960036,0.767184419136053,-0.185894501270322,0.603807521604242,0.450164836693521,0.642077214441812,0.0274903762421799,0.00730449698338974,0.933110741982396,0.953177469790314
known:OW982297.1_22209,9.98028782982525,-0.124031305322607,0.328751272423448,0.57556432535571,0.785367122242334,-0.860534607016503,26.3956076167123,0.000154831352528167,0.00373227286228723,-0.984565912339109,20.3948108776042,0.000493818121959617,0.00316345268379431
known:OW982297.1_22337,6.82915287336917,0.905532104355148,5.29792931996004,0.0373679326073872,0.18083410243932,0.222769408921652,0.72645481891339,0.408495503920747,0.618448500349288,1.1283015132768,8.41378363259109,0.0117080613405092,0.0327101507554431
known:OW982298.1_23371,5.64950552154394,0.79905753587327,1.59111210268402,0.227947358134842,0.490267730591604,0.201219592888979,0.215835650120255,0.649432209187419,0.803635290820962,1.00027712876225,2.46355179277482,0.139016337092445,0.241496329179825
known:OW982298.1_23475,7.26727923903288,0.483546376647411,1.48677079569879,0.243026376003288,0.510543782146443,0.689735046306698,5.73927205367511,0.0312555739843405,0.112936807330084,1.17328142295411,8.49666890149238,0.0113838422721298,0.0321690957848556
known:OW982298.1_23583,10.224686290434,-0.167678238866483,0.831377363912922,0.377432844857374,0.646356844597047,0.266856175775687,3.78068651722488,0.0723899990626751,0.202244224185412,0.0991779369092044,0.300906822599554,0.59202560851564,0.7067794709592
known:OW982298.1_23877,9.19449460633548,-0.14483829479848,0.385716587866623,0.544620445612799,0.776800740847729,-1.50487015640247,66.153415252585,1.19396393315554e-06,0.000101920145215663,-1.64970845120095,50.5531670324737,5.49982443954606e-06,0.000248408737186164
known:OW982298.1_24281,6.28706367925539,1.6760205668792,4.15910670151031,0.0609142594117811,0.239242960878155,-1.00532649707415,3.37979429217239,0.0874837501085409,0.220765608388609,0.67069406980505,0.566961131421087,0.464044531399068,0.610466349558968
known:OW982298.1_24282,6.17269088157516,1.80809911389892,3.63231713051231,0.0775820302866533,0.26381733587257,-0.939683705752748,2.32518859446548,0.149743896554762,0.32505037683416,0.868415408146175,0.714957683965142,0.412136773607467,0.561251586168963
known:OW982298.1_24494,10.4034350701793,-0.24011018115882,2.17936296529051,0.162188197891626,0.400729553201299,-0.299325453050679,5.80131980030811,0.0304936464368869,0.111672678167518,-0.539435634209498,10.9619501753162,0.00519984275909539,0.0176144673464356
known:OW982299.1_25336,13.6098370538986,0.117051698131763,0.405161995363775,0.534788203492659,0.771839800988573,0.454865385692725,10.8148738429669,0.00543472790847958,0.037153016710349,0.571917083824489,9.58965114801959,0.0079486747857239,0.024203268167766
known:OW982299.1_26062,8.3785845516248,0.53005735678984,3.84509758574164,0.0702657852505012,0.244128561575459,0.0435614446886764,0.0509943226778362,0.824632006564032,0.919651332423262,0.573618801478517,4.47117148052667,0.0530491117483076,0.109742818960239
known:OW982300.1_27483,8.58727548274302,-0.145247159962499,0.352762160673908,0.562105574255239,0.785209333109122,0.673158500807391,13.896945179819,0.00227909913775547,0.0193011208228667,0.527911340844893,4.7246256458428,0.0475342691387072,0.0990906687429973
known:OW982300.1_28095,4.11688612527623,4.44982985345086,4.11842982296148,0.06359716295239,0.244051114909508,0.862908915640882,1.05189837823799,0.3239395427568,0.532046158103593,5.31273876909174,6.87012407342155,0.0212687816172007,0.0543758473420886
known:OW982300.1_28198,11.4016564997887,-0.546156717663681,8.53521325030225,0.0112366183165549,0.0870035303938963,0.0171767475246796,0.0142527711628228,0.90668041359693,0.961698225693418,-0.528979970139001,7.84580884907002,0.0142413689661829,0.0382119899983719
known:OW982300.1_28199,12.2036552561454,-0.0930669990969724,0.340386542752541,0.568962059549619,0.785367122242334,-0.00739404352169631,0.0037562395667034,0.952003131041255,0.979327758358999,-0.100461042618669,0.397015054433976,0.538866089281544,0.672961798135016
known:OW982300.1_28277,8.4832366366741,0.020847477785429,0.00303292204570509,0.956865677572628,0.982237115993114,0.0723150028828997,0.0689319215811925,0.796753459498302,0.911893966983291,0.0931624806683286,0.0684034121624133,0.797515239591912,0.867978433451438
known:OW982300.1_28279,8.80894083331117,-0.130352282756642,0.324169114243224,0.578207588342524,0.785367122242334,0.190087129893453,1.25835417240257,0.280987302160327,0.491372992378128,0.059734847136811,0.0701032169369101,0.795076284007113,0.867978433451438
known:OW982300.1_28718,9.11406295969265,0.506000615023356,2.73293716299706,0.120719888423973,0.351775158740824,0.268638014745562,1.49956499299149,0.241108062308095,0.4610334741912,0.774638629768918,6.49211120267549,0.0233235621907611,0.0585248643860763
known:OW982301.1_29999,11.476372750146,-0.125802104699497,0.543198919377376,0.473380199487626,0.724779853452807,0.322491596628307,6.36141708048797,0.0245145526821102,0.10065823904321,0.19668949192881,1.35879780889275,0.263379217209474,0.403252925783997
known:OW982301.1_30000,11.1997292498201,-0.196700017644431,1.0939694709769,0.3134600162687,0.585845961440123,0.291085002462255,4.27732707508499,0.0577819993823425,0.173988020362387,0.094384984817824,0.260111025242304,0.618053899484624,0.725076219741702
known:OW982301.1_30001,10.3358523569637,-0.112969998042323,0.337175751926038,0.570768546925704,0.785367122242334,-0.324165577213784,4.68387458713547,0.0483735627971182,0.154226300211989,-0.437135575256107,4.84603226332777,0.0451337259477699,0.0978499178547651
known:OW982302.1_30394,9.0026891811885,-0.0473039903893159,0.0344436603352309,0.855449978388378,0.9501104268166,1.25772835954535,46.7285042110212,8.47361859482163e-06,0.000459270127839332,1.21042436915603,23.2375194895037,0.000278146830555333,0.00209382753001375
known:OW982302.1_30549,11.867985037959,0.588816758748014,5.19839123408874,0.0389340668312547,0.185107580899474,0.782797244587213,15.5981570326975,0.00147500619577317,0.014275952823376,1.37161400333523,25.0829031661657,0.000196327043798279,0.0016686703752661
known:OW982302.1_30791,8.09010253365668,1.98232556654671,16.0204360159512,0.00132961593121793,0.0318353490556258,0.0377477266436024,0.014714697227898,0.90518805245171,0.961698225693418,2.02007329319032,16.4169688058854,0.0012078962863906,0.00568091431046305
known:OW982302.1_31021,8.36725238877679,-0.105448756889924,0.221249204365609,0.645392550270093,0.844934208324614,-0.431592099166333,5.94085862654116,0.0288581142938792,0.111672678167518,-0.537040856056258,5.5884292349603,0.0332027052554024,0.0775683890018452
known:OW982303.1_32504,13.1645560832098,-0.107634708462392,0.576556931633688,0.460361985544562,0.71888355361889,0.12928718337289,1.43298632517435,0.251315543955811,0.472961891750172,0.0216524749104977,0.0226918058620526,0.882427677596117,0.916237167159187
known:OW982303.1_32506,11.3842800192515,0.370472466292239,4.63849118458609,0.049328926259351,0.215615145423937,0.345107785015165,7.18447607464883,0.0180333891611789,0.0842594562530947,0.715580251307404,16.7274144199178,0.00112148883697956,0.0054272049075261
known:OW982303.1_32813,13.668295475707,-0.264770490602964,3.91484841676519,0.0680487324373868,0.244051114909508,0.0779054939365885,0.590270182698301,0.455183214793048,0.642472141713105,-0.186864996666375,1.96114032432055,0.183339206826051,0.297514521256646
known:OW982303.1_32815,5.506309122399,-0.0778200832741323,0.0147873603065199,0.904955474467006,0.967345317397203,0.871644739634778,4.36105112430401,0.0556789072694264,0.17146572579562,0.793824656360645,1.73019488392376,0.209692990008776,0.330388373792897
known:OW982303.1_32887,15.2612754516608,0.158928602582161,0.470475105220292,0.504060868266663,0.746450793990523,0.0122465174671198,0.00478265709353695,0.945850892097915,0.978341953276851,0.171175120049281,0.519863539046115,0.482863587174426,0.619999161318294
known:OW982303.1_32888,15.2403534768655,0.163135447739852,0.494884675599957,0.493384448767492,0.742817697866612,0.0137220719664556,0.00599608367531421,0.939382717223165,0.975374392212558,0.176857519706308,0.554055302722822,0.469075943221372,0.611151829870153
known:OW982303.1_32889,14.4626496532595,0.228874393001287,1.60647224447734,0.22583223127677,0.489604277408037,-0.0984849422552316,0.521586485394503,0.482152265977572,0.670068020922677,0.130389450746056,0.514672319102085,0.485017794094016,0.619999161318294
known:OW982304.1_31272,5.38508540146324,0.740334298997719,1.32345805175098,0.269399622782339,0.540794798326029,0.0194905022281755,0.00212192019516177,0.963914931427793,0.979855920785049,0.759824801225895,1.40179653892775,0.256295314634686,0.394636535602272
known:OW982304.1_31734,11.0083111625851,-0.105255948268973,0.221507411650608,0.645201401533079,0.844934208324614,0.233317491204401,1.95284885597599,0.184209665290053,0.375344505966951,0.128061542935428,0.3372612103857,0.570720314903671,0.693486872280297
known:OW982305.1_26500,6.80188131582526,-0.576345942317007,2.66837001032363,0.124821456036856,0.356069627220927,-1.29992054439303,20.1811373197872,0.000516632719659901,0.00823573335457843,-1.87626648671003,25.7078543236738,0.00017516221143254,0.0016368606654558
known:OW982305.1_26994,12.5663036314922,-0.00772376681945356,0.00130354393480685,0.971712841086123,0.985367418916007,-0.0299831434823038,0.03472641291305,0.854865161197029,0.944838780428932,-0.0377069103017573,0.031382935735413,0.861946842525692,0.909326506688116
known:OW982305.1_26995,9.72603683419842,-0.576271877273088,4.34867007988974,0.0559841262806153,0.228918517443566,-1.21276709691722,28.8447959720674,0.000101510795196156,0.00343867818726979,-1.78903897419031,36.9621574032275,2.94176735770453e-05,0.000544166619706061
known:OW982305.1_26998,12.3562490382026,-0.0222258499698115,0.00963244533173944,0.923219816666501,0.967345317397203,0.00401027061986904,0.000552750675696954,0.98157746532654,0.98887543904644,-0.0182155793499425,0.00650234413284148,0.936881254293054,0.953177469790314
known:OW982305.1_26999,13.5301465681384,0.237489011179204,0.922318487865302,0.353292725835251,0.625266779734356,0.104944138974215,0.320527563953207,0.580326159870187,0.756098025600099,0.342433150153419,1.91163578232053,0.188615115652936,0.300674684364387
known:OW982305.1_27002,9.51008612421571,-0.679516761676054,6.84738341171337,0.0204118419401002,0.122924648128159,-0.641031305768945,9.70387999987871,0.00766451248525935,0.047208615388832,-1.320548067445,24.158631139151,0.000233235027952375,0.00191535432045738
known:OW982305.1_27003,9.6605973128116,0.180242627851986,0.322795921530629,0.579004601909284,0.785367122242334,0.0631914240812519,0.0747340000600006,0.788588874846241,0.911893966983291,0.243434051933238,0.611637404508888,0.4473036703534,0.594212228753781
known:OW982305.1_27007,7.20618925243315,-0.428028986958196,1.37420644101319,0.260810863440516,0.527460776062535,0.112805176428044,0.172296365361861,0.684421262095897,0.834560371028157,-0.315223810530152,0.790240881588319,0.389168000900698,0.540843734585073
known:OW982306.1_33257,8.85407733029897,0.132241899308528,0.192613836712767,0.667501839561449,0.857312789199776,0.339486242830099,2.44069715389358,0.140721021075812,0.31779497259621,0.471728142138627,2.47663476423835,0.138051988854388,0.241368315997027
known:OW982306.1_33979,6.90939521152705,-0.543201866273722,2.01389893533164,0.17792094263614,0.419274569168643,-0.0428348261207882,0.0210247768751289,0.886795134383489,0.953435322271091,-0.58603669239451,2.33741224101178,0.148755725076375,0.253539632048413
known:OW982306.1_33980,6.90939521152705,-0.543201866273722,2.01389893533164,0.17792094263614,0.419274569168643,-0.0428348261207882,0.0210247768751289,0.886795134383489,0.953435322271091,-0.58603669239451,2.33741224101178,0.148755725076375,0.253539632048413
known:OW982306.1_33991,9.99631538633997,-0.279795047686576,2.25286617469443,0.155760740751469,0.400729553201299,-0.537189181359673,14.1193495272019,0.00214955886433713,0.0193011208228667,-0.816984229046248,19.2313498125024,0.000633844914663906,0.00373417330160692
known:OW982306.1_33992,9.99799538325378,-0.278202913781957,2.22814199924352,0.157886593162504,0.400729553201299,-0.534853820998275,13.9947631706372,0.00222104943000388,0.0193011208228667,-0.813056734780232,19.026747946877,0.00066292960556881,0.00375466487591523
known:OW982306.1_33997,12.5876337851129,0.0905991325004119,0.233846140325237,0.636223274196239,0.844934208324614,-0.12184752426625,0.763924933109967,0.396968047035286,0.607787235856285,-0.0312483917658378,0.0294697585701858,0.866175550701424,0.909326506688116
known:OW982306.1_34000,13.7056451514469,-0.0455645152035432,0.0387907947512611,0.84671741245262,0.948111162924667,0.0316977660547616,0.0335919989552307,0.857226665003066,0.944838780428932,-0.0138667491487815,0.0037736186432554,0.951892374364315,0.962547886017647
known:OW982306.1_34006,6.55583043228869,-1.4307124324256,10.6054442271611,0.00579063230672717,0.0581207909304838,-1.0473821059737,6.5352608664136,0.0229452528583786,0.0956640542249322,-2.4780945383993,26.2932749041413,0.00015767783119612,0.00156899593121794
known:OW982307.1_34333,6.28347580500193,-0.13593782336611,0.0800414248703627,0.781415090889623,0.913569405695632,-0.109714879150251,0.0911701090590149,0.767169917510443,0.903926294110131,-0.245652702516361,0.262404514418726,0.616523485173522,0.725076219741702
known:OW982307.1_35049,8.55955613639646,-0.153927998273551,0.435440786512207,0.52012721311189,0.766056928007186,0.0587253218166714,0.111707048443555,0.743203384904256,0.879875755661733,-0.0952026764568795,0.170492349497246,0.685979692932598,0.784390281792126
known:OW982308.1_38879,7.95268202548975,0.881586177369312,8.19733531409572,0.0126064218783301,0.0945153953394698,1.12013242769379,29.3402828948372,9.34872764340738e-05,0.00343867818726979,2.00171860506311,44.3150197912255,1.12944567368847e-05,0.000382599721961969
known:OW982308.1_38882,4.36468137079649,-1.96521349949455,3.06638053593504,0.101975628525024,0.30705994811424,1.61731956325878,3.36804295765427,0.0879803900589291,0.220765608388609,-0.347893936235769,0.1366272582796,0.717233461802397,0.806515635470745
known:OW982308.1_38897,5.90970159632695,-1.6433785552435,13.827808816714,0.00232118073815047,0.0318353490556258,-1.21192691197366,9.94206730288179,0.00710888430950442,0.0458692297113261,-2.85530546721715,38.3792381263817,2.42031227417322e-05,0.000532982899012063
known:OW982309.1_35350,7.36132547546571,-0.177056825720108,0.182837785652733,0.675502654895716,0.862747019167572,0.0792003449864656,0.0648427387513705,0.802731825019989,0.911893966983291,-0.0978564807336426,0.054500529745603,0.818815780217897,0.877071448375692
known:OW982309.1_35362,7.47529900775577,-0.200727297893979,0.4219194156576,0.526580620657185,0.767222302140307,0.277401427851192,1.41718945761025,0.253821386676848,0.47438341923742,0.0766741299572127,0.0616102713644466,0.807601887453717,0.871952635457997
known:OW982309.1_35397,3.98729308855441,-0.877151127356894,0.526427615078263,0.4801632350197,0.731035037586173,-0.7370952257497,0.490950405105772,0.495078090518229,0.681046510306802,-1.61424635310659,1.70474287191734,0.212887771659294,0.333483156761091
known:OW982309.1_35784,14.3171088494833,-0.0912719662461554,0.483286209275066,0.498406995271948,0.746233678003855,-0.193511406391547,3.80679823149434,0.0715197510839128,0.201894297330629,-0.284783372637703,4.79241983909963,0.0461757388489001,0.097909002387361
known:OW982309.1_35786,12.482574568177,0.149778753323551,1.0984824285859,0.312500623962494,0.585845961440123,0.114241441568314,1.13363261292833,0.305166933131317,0.510495301719673,0.264020194891864,3.40560098069941,0.0864048772164712,0.163004866631003
known:OW982309.1_35790,11.1252870324333,0.991145354556072,12.918257929502,0.00296706425057894,0.0349597570394301,1.01271076385712,26.2101153847766,0.000160035206513372,0.00373227286228723,2.0038561184132,52.3925136290368,4.50904424794482e-06,0.000244390198238609
known:OW982309.1_35792,12.0664236322009,-0.109269825598456,0.142590233043267,0.711428557032323,0.882775272940331,0.215042661160399,0.960109087466978,0.343923888451238,0.551499253078612,0.105772835561942,0.131002320870572,0.722843795599742,0.809465572758388
known:OW982310.1_37730,7.85730475241404,0.0630527052575206,0.047631204773578,0.83041252151894,0.943711644135996,-0.250878237115483,1.3049835647234,0.272620953764435,0.486054463619486,-0.187825531857962,0.414823664414142,0.530027037378092,0.664987625599365
known:OW982310.1_37733,11.095043030966,-0.724790683833986,20.680956633491,0.000465052042248582,0.0268327728816058,-0.632694249174217,26.0304775538097,0.000165266695009029,0.00373227286228723,-1.3574849330082,70.4487914341335,8.26783038115045e-07,7.46860677763924e-05
known:OW982311.1_36363,10.5413813993497,-0.340994493182243,4.47066628377789,0.053060836436753,0.224679479286876,-0.647540624198894,27.9211229894339,0.000118670000312444,0.0035732855649636,-0.988535117381137,37.9975690147565,2.54952466018819e-05,0.000532982899012063
known:OW982311.1_36384,10.6347736971557,-0.203434931700057,1.22678289549635,0.286851610126681,0.555262759602361,0.0218770080698373,0.0249176210201348,0.876845040454974,0.953435322271091,-0.18155792363022,0.990413295680258,0.336668548956163,0.483374996562548
known:OW982311.1_36636,7.45034081451272,-0.046584938625389,0.0219778169942008,0.884277444396141,0.96628704609417,0.0228533715978584,0.00990011423590371,0.922164048430062,0.968629678777313,-0.0237315670275306,0.00605058759819881,0.939108429645807,0.953177469790314
known:OW982311.1_36638,7.28801404543516,0.0353191330108711,0.00806209191953938,0.929737047946221,0.967345317397203,0.180628555469364,0.414223149707188,0.53032064276515,0.707964996006678,0.215947688480235,0.332861577207626,0.573214241294415,0.693486872280297
known:OW982311.1_36874,7.68161213890296,0.772423205140583,6.05679286983938,0.0275768393806013,0.145825593786376,-0.085850039926905,0.148045922606955,0.706238685938463,0.850625261730327,0.686573165213678,4.78891491431745,0.0462448424560229,0.097909002387361
known:OW982311.1_36985,5.53498380724288,0.960439153123971,2.55916101862999,0.132155583611901,0.369218176895105,-0.60980072878448,1.96235800552593,0.183211811786994,0.375344505966951,0.350638424339491,0.32430021330441,0.578131615550739,0.696327412507778
known:OW982312.1_38000,6.40270274980446,-0.734852628277442,1.80641831628337,0.200487861171008,0.456573196448261,-0.476310834775447,1.1550721809641,0.300811166825907,0.507783482727583,-1.21116346305289,4.76028618101309,0.0468138786783624,0.0983454350529939
known:OW982312.1_38160,16.9964020651741,-0.074399144707375,0.149824325031034,0.704570878377204,0.882775272940331,-0.285104682378452,3.74905190481125,0.0734613075763186,0.203143003603901,-0.359503827085827,3.40054138598738,0.0866151320843708,0.163004866631003
known:OW982312.1_38440,11.1404579007578,-0.191195146802687,0.93513056304711,0.350075304217967,0.624147417388612,-0.00151390573218872,0.0001039990085726,0.992008392239641,0.992008392239641,-0.192709052534876,0.988526040979453,0.337113927491962,0.483374996562548
known:OW982312.1_38543,5.36615425438098,0.512932647844049,0.513668089153623,0.485436441915322,0.73493450144722,-0.686317162938504,1.85693724922072,0.194671594966275,0.390785201747115,-0.173384515094455,0.0576143362588329,0.813814361917429,0.875173381268346
known:OW982312.1_38546,11.2441855993149,-0.00943695768240906,0.000949965453499824,0.975850517433369,0.985367418916007,0.235061576771816,1.06067358823087,0.320667961707055,0.530855845597434,0.225624619089407,0.555640971426427,0.468452816530869,0.611151829870153
known:OW982313.1_39842,6.49520654498358,0.0307716068944534,0.00685009008620675,0.935219458147849,0.967345317397203,-1.86778731137307,35.7369897734187,3.49826557745179e-05,0.00158004995248239,-1.83701570447861,21.6315487318178,0.0003824048754094,0.00265722362143455
known:OW982313.1_39873,10.6101834358164,0.357336525795894,1.0463615497816,0.32383824462589,0.601097015709699,0.174689275068061,0.47297582572504,0.50294828668178,0.681494928453812,0.532025800863956,2.42133087103056,0.142185797117574,0.24542898738129
known:OW982314.1_40988,12.217646046861,-0.186320820276926,1.24288081210519,0.283840763369216,0.555262759602361,-0.216505042316731,2.93364160890535,0.108980440306254,0.259067537921007,-0.402825862593657,5.88298749300249,0.029523655505558,0.0695731360174455
known:OW982314.1_40990,12.9502586349104,0.112150351215901,0.3587672567771,0.558837684004952,0.784689183240115,-0.163522976760757,1.33732355616585,0.267015638615512,0.484384078157521,-0.0513726255448553,0.0750353952237394,0.788174252821796,0.867978433451438
known:OW982314.1_41004,14.6606654345875,-0.0176284678988085,0.010665222272011,0.919223350275872,0.967345317397203,-0.151167127557002,1.36156735985687,0.262915084724868,0.482597547688651,-0.168795595455811,0.969251898050334,0.341711397387991,0.487388361537608
known:OW982315.1_40523,6.73329419546612,2.40151934834864,20.3827987702473,0.00049506961036173,0.0268327728816058,0.237305053576981,0.635339842513857,0.438821003691319,0.632555808512486,2.63882440192562,25.1060370137856,0.000195493145101821,0.0016686703752661
known:OW982315.1_40545,11.2949324045924,-0.24992895510489,2.312008495387,0.150818552758573,0.400729553201299,-0.339949192311416,7.33983309049333,0.0170466831622399,0.0842594562530947,-0.589878147416306,12.8818286111649,0.00299695564791812,0.011783777780379
known:OW982315.1_40548,10.8114713715887,-0.0149075702028815,0.00846773013858288,0.927996335943825,0.967345317397203,0.133434333511283,1.21134975758914,0.289779367814128,0.496714493448376,0.118526763308402,0.546257200322119,0.472160915060207,0.612227789384288
known:OW982316.1_42151,8.60587854928936,-0.193436778131911,0.681796958090655,0.422929015310819,0.674198606760187,-0.883225004710925,22.9396533566853,0.000294736358363152,0.00570525379402959,-1.07666178284284,20.2086961199275,0.000513623313973984,0.00316345268379431
known:OW982316.1_42152,8.60587854928936,-0.193436778131911,0.681796958090655,0.422929015310819,0.674198606760187,-0.883225004710925,22.9396533566853,0.000294736358363152,0.00570525379402959,-1.07666178284284,20.2086961199275,0.000513623313973984,0.00316345268379431
known:OW982317.1_41863,14.5112538104294,0.170288086500312,0.885668049512794,0.362739140109929,0.630142993396095,-0.07543257165723,0.305126755195171,0.589467648201927,0.764333649103934,0.0948555148430823,0.272927238953688,0.609609330839113,0.721415408984278
known:OW982317.1_41865,12.9502478513245,0.057839949793485,0.0765661961190396,0.786082126199828,0.913569405695632,-0.224659730317175,2.00870186636864,0.178445592813356,0.369150806507019,-0.16681978052369,0.632085894565828,0.439969978648153,0.58778159193983
known:OW982317.1_41877,5.47999737674015,1.01336171959751,2.2164544017638,0.158904140055719,0.400729553201299,1.08017163530919,7.22917108077062,0.0177428774767023,0.0842594562530947,2.0935333549067,10.5799147394896,0.00583582831906522,0.0193584346306379
known:OW982317.1_41916,11.5856342108888,0.497316978380492,3.91489431571866,0.0680473012047059,0.244051114909508,-0.357447230697285,3.6742830059278,0.0760695744528255,0.206148546767157,0.139869747683207,0.315038675176906,0.583550050134108,0.69974364418736
known:OW982317.1_41918,10.8093007442538,0.11361292904172,0.321761082510718,0.579606732282165,0.785367122242334,-0.299063379947826,3.85862727797068,0.0698290864981811,0.199196657273759,-0.185450450906106,0.825310892980817,0.379129664577465,0.535125724481735
known:OW982318.1_43175,8.20375827375686,-0.211694641482988,0.735792104770812,0.405574977888315,0.674198606760187,-0.364103977843904,3.44732628606697,0.0846941368986373,0.220765608388609,-0.575798619326892,5.15655513598449,0.0396152422184494,0.0902162238756285
known:OW982319.1_40269,5.058335423499,-2.6930127039139,18.9445444933465,0.000675044072570268,0.0304894906110904,-1.0662242605971,2.94413275913528,0.108405966174072,0.259067537921007,-3.759236964511,34.1127857189404,4.43212446926682e-05,0.000667280961761837
known:OW982324.1_46568,6.50107931234444,-0.21051764809791,0.209431251156434,0.654292382760025,0.848388687693621,-1.13484140761367,8.83484373172831,0.0101643545774405,0.0597277903265105,-1.34535905571158,7.86504554967213,0.0141457780431214,0.0382119899983719
novel:CALPDS010000116.1_47237,5.7102261774553,1.18641087934912,3.96645546575115,0.0664619036075408,0.244051114909508,-0.520301821856114,1.56307634938721,0.23187527192317,0.452073371878985,0.666109057493007,1.18866702385319,0.294157459889641,0.442870397944959
novel:OW982291.1_1361,5.64966679821722,0.102179531110011,0.0119377280193543,0.914559616669747,0.967345317397203,1.29522687813056,4.13837693557183,0.0614840474327036,0.179163191981319,1.39740640924057,2.51882063421549,0.134998210864326,0.237561786650859
novel:OW982291.1_2437,4.28289061533188,-2.96191025371012,6.7749786420757,0.0209692237384587,0.12353607898092,-0.846684692427642,0.690074052961559,0.42019387262004,0.622410924855871,-3.80859494613776,10.522946990413,0.00593815583333971,0.0193884365160851
novel:OW982291.1_3027,4.9162527195473,-0.522766903572424,0.403839755095591,0.535446061202405,0.771839800988573,-0.794223315347324,1.57899124882623,0.229634753881002,0.450949407983707,-1.31699021891975,2.21831814104808,0.158741330754724,0.265548769348952
novel:OW982291.1_3369,6.74452890164881,-2.01051666375002,17.2696881358966,0.000987018873055679,0.0318353490556258,-0.965943415846233,5.86451712785383,0.0297398376766534,0.111672678167518,-2.97646007959625,37.9768996857695,2.55674453400621e-05,0.000532982899012063
novel:OW982291.1_3395,3.79789629600126,-0.058883688495689,0.00138810685898795,0.970810182231403,0.985367418916007,-0.572455867180762,0.217120734119454,0.648467673228755,0.803635290820962,-0.631339555676451,0.139156117483844,0.714754228304014,0.806515635470745
novel:OW982291.1_4098,4.59809980988237,-1.59855954118424,3.53652226095047,0.0811715221170022,0.26826198163058,-0.639102239506758,0.869191332415257,0.367107435559878,0.575064248767208,-2.237661780691,6.77686772936544,0.0209544579945416,0.0540824582525787
novel:OW982291.1_4262,3.70885955088175,-2.19092179897862,2.04060113608184,0.175255864441645,0.419274569168643,-2.21039512180025,2.59891751527156,0.129425870867921,0.299781290642791,-4.40131692077887,6.59638346207956,0.0224215353378933,0.0567872530520475
novel:OW982291.1_4949,6.71538147431008,0.122898432150492,0.0994373978583972,0.757195082942841,0.908475649278604,-0.68542789888302,4.80756499233074,0.0458785304577006,0.148522321483977,-0.562529466732528,1.91240192280377,0.188532003916692,0.300674684364387
novel:OW982291.1_4950,6.70717208473311,0.148704834393673,0.14697500155142,0.707248606664735,0.882775272940331,-0.730152499955025,5.57966722304147,0.033320106551193,0.11881248520228,-0.581447665561352,2.08396859208738,0.171033934946687,0.282623148600928
novel:OW982291.1_5254,4.66989195225632,-1.5472570056276,3.03733208100668,0.103460723689584,0.30810830900964,-1.08451557399723,2.21705247074854,0.158851872244575,0.335118688813974,-2.63177257962484,8.67612452114361,0.0107168333167327,0.0308964024344102
novel:OW982291.1_5555,4.76583698597851,-4.01991896899093,14.2508222452058,0.00207696973155371,0.0318353490556258,-3.45498262144497,8.77789840062075,0.0103586942632694,0.0597277903265105,-7.4749015904359,35.7619048544717,3.48580922342412e-05,0.000590408937217461
novel:OW982291.1_5831,7.10600518207766,0.877033698571012,4.93116052561397,0.0435355112291748,0.199968195645871,-0.293736990384286,1.25804685277879,0.281043593426605,0.491372992378128,0.583296708186727,2.1997324742799,0.160374288764219,0.26663455371229
novel:OW982291.1_6047,4.87859483090334,-1.71782697614262,7.17508800110422,0.0180951107428401,0.111715730033605,-1.32420018967393,4.82165393949871,0.0456040711664862,0.148522321483977,-3.04202716581655,19.9675258833589,0.000540657378128197,0.00325595887717203
novel:OW982291.1_6215,6.59691170810756,-0.0368593697722237,0.00847706339678306,0.927956785064944,0.967345317397203,-0.0343600607849331,0.013709397771512,0.908467696595996,0.961698225693418,-0.0712194305571568,0.0307615517862862,0.863305318055561,0.909326506688116
novel:OW982291.1_6348,5.23053751345433,-1.11289727005211,2.52750785233152,0.134379739241082,0.371601115656462,-0.0821567880657051,0.021763744252499,0.884838028770541,0.953435322271091,-1.19505405811781,2.88416838919878,0.111739933075975,0.201876812423927
novel:OW982291.1_6374,5.81069868779548,-2.23971457952711,13.0835531522847,0.0028356723804603,0.0349303279593064,0.1286118094385,0.0602212299074122,0.809736436431242,0.913171369795495,-2.11110277008861,11.4255673382553,0.0045325262634514,0.016598846181018
novel:OW982291.1_6827,6.6274675102651,0.829683177259461,1.62955560386266,0.222701545181137,0.48671063503297,-0.416750380630335,0.844088242494947,0.373914241218342,0.582360686035464,0.412932796629126,0.357504887060514,0.559521514517608,0.69102965193705
novel:OW982291.1_6861,4.05473530514808,-0.460496620963443,0.129795655838627,0.724065131645948,0.887880772289828,1.66493303856082,3.33917577299046,0.0892148609255179,0.221809424869866,1.20443641759738,1.10976225452117,0.310120617188132,0.456753735097738
novel:OW982291.1_7006,5.69437727947137,0.667638313820594,1.38717325152724,0.258675487784192,0.527075617966286,0.9950619979968,7.47163022246385,0.0162585230730931,0.0842594562530947,1.66270031181739,9.75092928448661,0.00755089420261059,0.0235206014816951
novel:OW982291.1_7260,4.66979700081623,2.61398848052739,1.96679076181936,0.184419323872121,0.423539294655465,2.83991615967796,17.8924580265903,0.00100194136530589,0.0116523544263665,5.45390464020534,11.2972762136326,0.00516752496930963,0.0176144673464356
novel:OW982291.1_87,3.87679457662545,-1.42428603379133,1.43925886514954,0.255719476744782,0.524999834832091,-4.22583433928368,8.53644492340331,0.0140353420906365,0.0760715541312497,-5.65012037307501,12.4391083418595,0.00481513248491954,0.017398678712176
novel:OW982291.1_97,5.57289995937749,-3.39520721947181,15.4919770690655,0.00151438451502506,0.0318353490556258,-0.511365780352892,0.481989128369926,0.498974293755297,0.681494928453812,-3.9065729998247,22.9153940505376,0.000296136697242909,0.00216900121494131
novel:OW982292.1_10364,6.21617760965821,-0.0215142789720697,0.00175994471949422,0.967134472850233,0.985367418916007,-0.126179595931874,0.111428503014447,0.743511247404195,0.879875755661733,-0.147693874903944,0.0870469987940438,0.772330716906123,0.861323556714236
novel:OW982292.1_8715,7.28400747539987,-0.281492668181971,0.684382560281876,0.42207159276785,0.674198606760187,-2.31752006015102,63.5667779459288,1.50435638694706e-06,0.000101920145215663,-2.59901272833299,48.4483369736971,6.95348291974336e-06,0.00026919912446435
novel:OW982292.1_9415,4.45860442759985,-3.16522670682712,9.77430522312945,0.00749516814067004,0.0677063522040526,-2.83669106887841,5.81341624325207,0.0303476483312596,0.111672678167518,-6.00191777570553,25.0632530558017,0.000197038568297104,0.0016686703752661
novel:OW982293.1_12561,4.57822778237277,-1.56654304350111,3.35571620097086,0.0885049982639782,0.275687983098139,-1.66359005845475,4.14782270440132,0.0612236353927021,0.179163191981319,-3.23013310195586,12.4511632267213,0.00337793009427708,0.0130165080102486
novel:OW982293.1_12779,3.9885579681024,-1.15059365735796,0.914342007497575,0.355317653428379,0.625266779734356,-0.13937582931592,0.0198037954323344,0.890107514887772,0.953435322271091,-1.28996948667388,1.07650044593617,0.317212951723871,0.463358916175115
novel:OW982293.1_13080,3.97758433839736,-0.271587162131887,0.0286019074281015,0.868140430758366,0.95636608429072,0.0485666868668226,0.00259750795078716,0.960078709902981,0.979855920785049,-0.223020475265064,0.0205730941155596,0.888008744038133,0.918512861199749
novel:OW982293.1_13144,4.95413605211508,1.6071480496618,2.58834864560719,0.130144714539443,0.367387683751969,1.44920261381451,7.48865684426451,0.0161598208143199,0.0842594562530947,3.05635066347631,11.543527074967,0.004378855292263,0.016255750468538
novel:OW982293.1_13427,5.9301250453399,-0.161430291225609,0.0409799770811431,0.84251263199403,0.947389723113618,-4.15569416389632,22.5084750489189,0.000320801111824895,0.00579580675363644,-4.31712445512193,19.0040698471904,0.000666246619128694,0.00375466487591523
novel:OW982293.1_13839,4.90939481012062,0.707109757348228,0.565328120814669,0.464676140893625,0.719584195326699,0.435054390754303,0.477003273633222,0.501165639734728,0.681494928453812,1.14216414810253,1.54970567136823,0.233779828422799,0.362024762871878
novel:OW982293.1_13890,7.4363070336911,1.53206122415394,25.1550000872735,0.000193741540068783,0.0190987119670136,-0.873845174334896,16.6858890353994,0.00113262512053171,0.0122776563065637,0.658216049819047,4.45351883616145,0.0534606206292231,0.109756274170602
novel:OW982293.1_14451,8.60536830327196,0.195576176572843,0.200587869358303,0.661154907325038,0.853204666119454,0.863252134790803,7.03382358907378,0.019054151866502,0.0860612525970341,1.05882831136365,5.49078587301133,0.0345389250130224,0.0793224464282125
novel:OW982294.1_43852,5.41692877013188,-3.90600485023125,24.6825391969986,0.000211424855723398,0.0190987119670136,0.357964091487333,0.231807180117188,0.637686266216375,0.800060084002952,-3.54804075874391,18.9188162031569,0.000678887745091684,0.00375466487591523
novel:OW982294.1_44395,4.56502161417761,0.244534552589311,0.0370493345160719,0.85015133797304,0.948111162924667,1.18751711921845,2.15955662898907,0.163976669644062,0.341828288258006,1.43205167180776,1.57583025805511,0.23007749615304,0.358339088836057
novel:OW982294.1_45097,6.87754724293985,0.35813273274399,0.727183866015562,0.408266297729569,0.674198606760187,-0.871938600292882,6.68458511712249,0.0216901372972201,0.094172258800775,-0.513805867548893,1.33040319339025,0.268201926559308,0.408329899424565
novel:OW982294.1_46254,4.20344063922054,-4.44349483312987,14.8700066837989,0.00177083822773995,0.0318353490556258,-0.940441923730173,0.788976181201539,0.389537493825769,0.599799209243087,-5.38393675686005,20.4630312888852,0.000486778985211898,0.00316345268379431
novel:OW982295.1_14863,4.70159297916818,0.314593530152755,0.0942021173653634,0.763456002817776,0.911438664156904,-0.465538435515571,0.379429590712479,0.547873833420428,0.724262482228956,-0.150944905362816,0.023734858986568,0.879778177326698,0.916237167159187
novel:OW982295.1_15424,6.44161073066033,-0.532060794427583,0.646891397575922,0.434781040921027,0.686957166461995,-1.8835471668583,11.4899769411793,0.00444786087006057,0.032577575561795,-2.41560796128588,12.9795184828116,0.00291756810581441,0.011783777780379
novel:OW982295.1_15749,4.80105697324577,-2.63393607306082,10.3795386329751,0.00620504665736102,0.060055987290887,-1.08596942870044,2.55268184638021,0.132607138810779,0.304546903540009,-3.71990550176126,17.9820543409294,0.000837557437036256,0.00434901430402116
novel:OW982295.1_16736,4.92441354668748,-1.48543651193125,3.28887999226324,0.091415905888468,0.281519437451987,-0.0968842646069341,0.0245995135406013,0.877626763178853,0.953435322271091,-1.58232077653818,3.82291208813741,0.0709889382383986,0.139405813497145
novel:OW982295.1_17096,4.89764755516082,-4.78882013399017,17.7317704867419,0.000886895212677496,0.0318353490556258,-2.82759518889468,7.21777294624373,0.0178164439746982,0.0842594562530947,-7.61641532288485,39.4826574759054,2.08694382932968e-05,0.000532982899012063
novel:OW982296.1_17269,8.22636963946043,1.16052190430852,15.6023291246679,0.00147348310402519,0.0318353490556258,1.61629141688648,72.1919687064773,7.16079875243649e-07,9.70288230955144e-05,2.776813321195,92.2316371947695,1.64904912375165e-07,2.23446156268348e-05
novel:OW982296.1_17909,6.21983310761593,-2.38931120708919,9.2905969509564,0.00875214660911518,0.0738249805361234,-1.85219111501128,6.90775906648487,0.0199602120122672,0.0886756959889249,-4.24150232210047,28.7501884546837,0.000103130977556809,0.00127038613263161
novel:OW982296.1_20196,5.58688592053504,-3.1411521236061,15.4043140473065,0.00154780753840407,0.0318353490556258,-1.30206976578366,3.4984789377335,0.0826520393914339,0.219595124265476,-4.44322188938977,30.5551834160771,7.67084841831593e-05,0.00103939996068181
novel:OW982296.1_20257,6.17735590024795,0.591493953351032,1.10695051180809,0.310711504221387,0.585845961440123,1.55080834294528,19.3301251825045,0.000620329500275567,0.00884785760919361,2.14230229629631,16.1569363486904,0.00128619147297411,0.00590776083349127
novel:OW982297.1_21579,5.67660879095393,-1.017135895546,3.46835973336547,0.083847197274324,0.273766150136648,-2.20032412162989,17.9836433180933,0.000837254431026125,0.010804569086099,-3.2174600171759,26.1380677422389,0.000162110280716245,0.00156899593121794
novel:OW982297.1_22048,4.91735471156381,-2.55833324804589,14.1848189896407,0.00211305331241016,0.0318353490556258,0.441172098610093,0.671922404375507,0.426229116243163,0.622410924855871,-2.1171611494358,10.2958285279705,0.00636722494925556,0.0205418804910507
novel:OW982297.1_22163,5.59724192013542,-2.15325007276711,9.20820003353631,0.00898975777746152,0.0738249805361234,-0.705487711345196,1.35772792006693,0.263558808331809,0.482597547688651,-2.85873778411231,16.3897110072559,0.00121584143913969,0.00568091431046305
novel:OW982297.1_22208,6.1870924660073,-0.35401905593185,0.643381118770821,0.436002334433443,0.686957166461995,-1.47629495667429,17.0795495220954,0.00103194282742729,0.0116523544263665,-1.83031401260614,15.4530939351218,0.00152910598449179,0.00690646202995457
novel:OW982297.1_22547,5.03004925665682,-1.52731285090857,4.85153754649327,0.0450283017427244,0.203377829537972,-3.56164179104342,19.4210636330123,0.000608178022617332,0.00884785760919361,-5.08895464195199,32.7760045505996,5.41897394027956e-05,0.000772916809376716
novel:OW982298.1_24178,7.21066200271659,1.17639910155163,7.21915621023081,0.0178074971619447,0.111715730033605,-0.072142323539361,0.0567991591066672,0.815109569354026,0.913171369795495,1.10425677801227,6.06887620973541,0.0274471614204677,0.0664123280798816
novel:OW982298.1_24345,10.3617685124986,-1.08805487967656,6.14588462291555,0.026637240409865,0.145825593786376,-0.0307251860837498,0.00860739924956093,0.927406749019803,0.970375401484041,-1.11878006576031,7.43468657096543,0.0164750999878238,0.0437720793794141
novel:OW982298.1_24354,5.1730779163439,-1.63323865910908,2.26705534131529,0.154556845921376,0.400729553201299,-0.455790579718686,0.283739660382531,0.60268126738005,0.777745825999969,-2.08902923882777,3.98613021882421,0.0658685624037703,0.130294747528626
novel:OW982298.1_24470,6.48577282334707,0.098059628080985,0.0465721205463017,0.832277058850565,0.943711644135996,-0.74466438265701,4.62363453113495,0.0496464994674627,0.15644420181026,-0.646604754576025,1.94498234112271,0.185040368647526,0.298487737520711
novel:OW982299.1_25711,4.8256918471682,-2.39198979275064,10.2256969529071,0.00650687000788224,0.0608055783495202,-0.956670200739244,2.20940954126902,0.159521442276762,0.335118688813974,-3.34865999348988,17.598837448221,0.000914452093198091,0.00458919476401264
novel:OW982299.1_26240,4.57848953503106,2.87567209511291,1.45764701455629,0.249000125518413,0.519069492426846,3.71798777104112,17.0466258848346,0.00120895741754249,0.0126010561597698,6.59365986615402,15.6129432084609,0.00168460995638844,0.00739740965259802
novel:OW982300.1_27462,6.34414015355875,-2.77873120423128,13.9691090441077,0.00223610761981115,0.0318353490556258,-1.68725831956658,5.95688743362286,0.0286768884128517,0.111672678167518,-4.46598952379787,34.18973803718,4.38190462565854e-05,0.000667280961761837
novel:OW982300.1_28100,4.41370841959945,-1.29331631660896,0.976415632231722,0.339992149285218,0.610184585803273,2.29747768750298,4.79950392923725,0.0460364391315647,0.148522321483977,1.00416137089401,0.810856194155655,0.383219222694863,0.537219647013857
novel:OW982301.1_28870,5.86252209982504,1.83732750512133,8.12948047921232,0.0129043159688575,0.0945153953394698,0.286263327249275,0.567684979398772,0.463765024980176,0.64783671015272,2.1235908323706,11.0236741726674,0.00510476964205896,0.0176144673464356
novel:OW982301.1_30007,4.30560446171535,1.53564068262367,1.69678114943549,0.213900057827768,0.475138653043649,0.360046209973385,0.249915155193776,0.624963326451968,0.796733365356484,1.89568689259705,2.62505723166295,0.127668826750556,0.226132366335952
novel:OW982302.1_30532,4.38906933497184,-0.0347403947917533,0.000781518495565176,0.978095334643564,0.985367418916007,-0.762730845040453,0.728100169983137,0.407978503081204,0.618448500349288,-0.797471239832206,0.497246407478288,0.492372643064498,0.626445944931826
novel:OW982302.1_30555,3.84578075025547,-6.45229555476089,17.205874752013,0.00165818183994985,0.0318353490556258,0.711746559812698,0.24562785765958,0.630023679961579,0.796733365356484,-5.74054899494819,15.4282045877107,0.00240772258774567,0.0101952003324856
novel:OW982302.1_30840,5.25174676283933,2.06280848456399,4.9744911006128,0.0427476432371432,0.199734677883893,0.99740222156992,4.3306775663637,0.0564312194870046,0.171829893044699,3.06021070613391,11.8806484922453,0.00397170953145045,0.0149490733753205
novel:OW982303.1_32127,3.98217765598232,1.24314299495436,0.573392447620717,0.461570990146446,0.71888355361889,0.926222887663353,1.05800413169331,0.321255936081104,0.530855845597434,2.16936588261771,2.07259854683743,0.17212831835843,0.282707722879603
novel:OW982303.1_32508,9.22416177805833,0.24632863706146,0.895829764640491,0.360083212366293,0.629564842266228,0.223138014947409,1.33094223933579,0.268109268352871,0.484384078157521,0.469466652008869,3.16317480733278,0.0972098846884715,0.177999180747134
novel:OW982303.1_32646,4.5949566600093,0.0790243677659567,0.0103321702754901,0.920489872255606,0.967345317397203,-0.474183718410467,0.590832837083264,0.454972797411555,0.642472141713105,-0.39515935064451,0.246967109889328,0.626994280592852,0.732394181209753
novel:OW982303.1_32745,8.17157653937821,-0.981484103816652,11.0184657609798,0.00511271425831912,0.0532902140001724,-0.635524298040907,7.11951678419404,0.0184655302838742,0.0848162492699986,-1.61700840185756,27.3215987829018,0.000131585072793299,0.001485814780291
novel:OW982303.1_32885,9.19011740129102,0.331342181346371,2.15712805689897,0.164197663049841,0.400729553201299,0.0747596928359127,0.200504889690248,0.661220161985451,0.814503017718442,0.406101874182283,3.17059601978218,0.0968557344579544,0.177999180747134
novel:OW982303.1_33145,5.21364918955829,0.0986798225014566,0.0245255286002515,0.877809317395654,0.963102530421952,-0.690831527799524,1.72749341500152,0.210029130419566,0.418513928997811,-0.592151705298068,0.806105240027305,0.384577902290363,0.537219647013857
novel:OW982304.1_31742,5.40267277738627,1.35321161297462,2.68042665722872,0.124042755076723,0.356069627220927,0.562302787969609,1.30503119657123,0.272612581531189,0.486054463619486,1.91551440094423,6.0080560496414,0.0281071975891128,0.0674075269615006
novel:OW982304.1_32046,3.98756092754525,0.202595100357394,0.0323422847148515,0.859876522379377,0.951128724754332,0.0695011536085261,0.0060119694676319,0.939302643880395,0.975374392212558,0.272096253965921,0.0641788333366453,0.803721304477959,0.871233894054108
novel:OW982305.1_26408,4.61949169662864,-0.967501546894723,1.76601167522088,0.205301263486828,0.463638686707754,-0.0334475249821595,0.00344508908227293,0.954031469397696,0.979327758358999,-1.00094907187688,1.88492070685227,0.19154262539151,0.303555856614615
novel:OW982306.1_33312,4.0225250537148,-3.10440381763859,5.56723713106104,0.0334874912837446,0.165002002507178,-1.45237275956514,1.9243745932812,0.187239232839391,0.378670388802052,-4.55677657720373,11.0052681849868,0.00513290899195535,0.0176144673464356
novel:OW982306.1_33361,5.85530435233954,-1.0743267654344,3.37904557579455,0.0875152919385952,0.275687983098139,-0.539696379653616,1.37213750999899,0.261153759021586,0.482597547688651,-1.61402314508802,7.85765301076963,0.0141824247216213,0.0382119899983719
novel:OW982306.1_33456,4.88147733590231,-1.23023647627997,2.16663947118191,0.163334277160917,0.400729553201299,-0.447357888897736,0.437781840503218,0.519024682920377,0.696315292432783,-1.67759436517771,3.78051699985971,0.0723956898744679,0.14114555364015
novel:OW982306.1_33626,4.94755705655641,-1.96104203241406,6.54528410694648,0.022858401601824,0.131800570938177,-2.26253824717368,10.3335748031912,0.00629349806646424,0.0415984872198002,-4.22358027958774,23.9599967573027,0.000242170220099504,0.00192698001191301
novel:OW982306.1_33995,5.69853497309873,0.961404870183089,2.90677884903843,0.110468354137068,0.325401347512451,-0.848402283356359,4.83321301333307,0.0453803389240315,0.148522321483977,0.113002586826729,0.0377348231626618,0.84878983013939,0.902047231246175
novel:OW982306.1_34052,4.76022186122488,-0.283995788658388,0.137225975953357,0.71664413301429,0.882775272940331,-1.1815349281652,3.38104273869762,0.0874311861091363,0.220765608388609,-1.46553071682359,3.43648011421838,0.0851348861624172,0.16247573345081
novel:OW982307.1_34369,4.33464713843128,0.0675175999789071,0.00383226356351602,0.951520508492488,0.980464098104427,-0.671019740772754,0.676763550182229,0.42460610366536,0.622410924855871,-0.603502140793847,0.293068325831888,0.596840290272105,0.709402274840967
novel:OW982307.1_34694,10.7376826497545,0.213510113234224,1.41991922004894,0.253385994237001,0.524180186551353,0.575710684440306,18.5666750016248,0.000734102738146786,0.00994709210188895,0.78922079767453,18.7279080132674,0.000708206112422915,0.00376321287189431
novel:OW982307.1_34905,5.04480028856088,-2.87460036747637,12.6019438573576,0.00323853282885264,0.036568433192461,-1.59495402825969,4.03029988367756,0.0645593166886487,0.186123136410891,-4.46955439573606,26.3694903243576,0.000155552192742474,0.00156899593121794
novel:OW982307.1_34911,4.58389558122788,1.69242690161399,2.15877497493528,0.164047757286551,0.400729553201299,0.658354849840953,1.0267560152193,0.328253699470539,0.535884051545277,2.35078175145494,4.80289238693234,0.0459699845103611,0.097909002387361
novel:OW982307.1_34924,5.06642711620088,-2.62416541110602,7.78763910520665,0.0145350158835009,0.0984747326107184,-3.32907852917256,9.70373427672472,0.0076648674432052,0.047208615388832,-5.95324394027857,26.7488128692601,0.000145449295132026,0.00156899593121794
novel:OW982308.1_39397,4.40734096103034,2.86424676948786,1.68971871058231,0.21641088024141,0.4768077117514,3.04434383643766,13.4688551787405,0.00286651834604571,0.0228478374052467,5.90859060592551,11.3031606772668,0.00515887320711906,0.0176144673464356
novel:OW982309.1_35441,4.28479598812836,-0.824325996877991,1.00850828322732,0.332440752600127,0.608725972666449,-0.558252309469917,0.604660161657996,0.449851812176563,0.642077214441812,-1.38257830634791,2.65873870720245,0.12544782229075,0.223660262110482
novel:OW982309.1_35586,4.27803074893458,-0.943260839416751,0.777109266454275,0.393030677698733,0.665695710352229,0.779472190064239,1.00122494318728,0.334133272212675,0.538988790295446,-0.163788649352513,0.0281998518461442,0.869061126318162,0.909326506688116
novel:OW982310.1_37256,6.25858442910093,-0.653727198968969,1.16172775833251,0.299476553209207,0.574868458850787,1.01313336026046,4.93416184462139,0.043480391242328,0.147289825333386,0.359406161291493,0.349781339329545,0.563741861089136,0.69102965193705
novel:OW982311.1_36518,5.18846060571554,-0.351548261726452,0.229557550026314,0.639309737969031,0.844934208324614,0.153165382953163,0.065845612745851,0.801247365314507,0.911893966983291,-0.198382878773289,0.0727387473870285,0.791356745445841,0.867978433451438
novel:OW982311.1_36895,4.25462046360053,-0.981624150139188,1.00955855896252,0.332197698994857,0.608725972666449,-2.42483490858578,5.09824385732129,0.0405881705236771,0.14101787451175,-3.40645905872496,8.71160355031306,0.0105903809025434,0.0308601421998845
novel:OW982312.1_37839,5.23689202506006,-1.48666860646085,4.66344178671039,0.0488009648073344,0.215615145423937,-2.15998921241641,10.9148675706479,0.00527373754756468,0.037153016710349,-3.64665781887726,21.7392635600991,0.000374150513194634,0.00265722362143455
novel:OW982312.1_37957,11.0376971154394,-0.209921656271326,0.71000666115719,0.413720448522255,0.674198606760187,-0.293911974212563,2.23303533409252,0.157462988142567,0.335118688813974,-0.503833630483889,3.6763061683667,0.0759975548365729,0.146066222416392
novel:OW982312.1_38376,4.05638585425718,-1.52951938921761,1.23572618784978,0.285173550249572,0.555262759602361,1.57287748467956,2.65587035110474,0.12563510886962,0.293509607790232,0.0433580954619481,0.000998149189484458,0.97524585588829,0.978857877576765
novel:OW982313.1_39729,7.18610008875563,0.489864725257002,1.73466501438499,0.209138301724418,0.468400659234028,0.396201886665593,2.23462574063142,0.157325616031743,0.335118688813974,0.886066611922594,5.53722378176762,0.0338957307229242,0.078510624153098
novel:OW982315.1_40541,4.52002167672968,2.0962151864112,3.62417419483402,0.0778796563461461,0.26381733587257,0.327035605601282,0.244891654747303,0.628433275286629,0.796733365356484,2.42325079201249,4.86681186244132,0.0447373194276212,0.097772690039398
novel:OW982315.1_40718,5.38834392350555,-0.476107418269183,0.762867907616639,0.397286330025239,0.668724195259874,-1.20275466033781,7.34308408154402,0.0170267155175586,0.0842594562530947,-1.67886207860699,8.49359103776829,0.0113956944477717,0.0321690957848556
novel:OW982316.1_42271,4.99523200641786,-2.28718826098084,7.81609870889076,0.0143904803365406,0.0984747326107184,-1.8546359999259,5.24989311981001,0.0381143135898854,0.134142584192973,-4.14182426090674,20.2127757539325,0.000513179530954262,0.00316345268379431
novel:OW982316.1_42309,4.33267169191339,0.502245449948839,0.125795070991413,0.728161182297956,0.888881443255613,0.85758822361595,0.922055867107137,0.353359126608824,0.560001890707551,1.35983367356479,1.1326178961824,0.305375257021897,0.45470711347766
novel:OW982316.1_42310,4.38636409788099,0.41276726498998,0.0753526690234665,0.787738757440513,0.913569405695632,1.02821444639604,1.22024361370288,0.28808717225612,0.496714493448376,1.44098171138602,1.13841174179701,0.304188422305907,0.45470711347766
novel:OW982316.1_42312,5.81166969891824,1.61094823250088,6.22133207599089,0.0258706673580434,0.145825593786376,0.699812160704184,3.28663314563648,0.0915157497240648,0.223430343920915,2.31076039320507,13.224878164003,0.00272862229104911,0.0112038884980956
novel:OW982317.1_41730,6.30838865080673,0.64624158192021,1.98784053737337,0.180571380501507,0.421852104447485,1.04022970217921,12.3216373517127,0.00350321367174006,0.0263714140289321,1.68647128409942,15.0486455327979,0.00169239630428442,0.00739740965259802
novel:OW982317.1_41751,4.65746005244593,-2.77976666092417,8.98033649486831,0.00968668113670161,0.0772085467072393,0.0397148089807681,0.0019515193795721,0.965393102766081,0.979855920785049,-2.7400518519434,9.71154602503014,0.00764586603385345,0.0235457919906169
novel:OW982317.1_41789,7.75638242723281,0.856520965804954,5.89469319095663,0.0293875998941148,0.150264897571795,-0.0596089548383185,0.0565847172086142,0.815451924319224,0.913171369795495,0.796912010966636,4.91637046095829,0.043808338909906,0.0965208117445895
novel:OW982318.1_42875,4.58946200514304,-0.295578265431956,0.114478382830033,0.740163491338012,0.899481193509422,1.17678523155937,3.53007379631512,0.0814202220044355,0.218464160031703,0.881206966127413,1.12429859504282,0.307090728577685,0.454762772921052
novel:OW982318.1_43086,6.40749230991497,-3.07739827289333,15.0626777272006,0.00168640568871883,0.0318353490556258,-2.00479540045256,7.92652972243954,0.0138452028765892,0.0760715541312497,-5.08219367334589,38.9756429634545,2.23312258753812e-05,0.000532982899012063
novel:OW982319.1_40064,5.69097610533703,-0.93599409931468,2.32375035908429,0.149860700900896,0.400729553201299,0.569604181327469,1.59131229274085,0.227919625271722,0.450848309844064,-0.366389917987211,0.388795629410597,0.543040646973217,0.675064290503402
novel:OW982319.1_40159,3.75796636660616,-0.63325437627303,0.215545480623207,0.649650487291292,0.846419625268942,-2.58629993015154,3.68882935541614,0.0755535699509917,0.206148546767157,-3.21955430642457,4.06797618865451,0.0634669405375392,0.128354782728904
novel:OW982319.1_40314,4.08916880035815,-0.418009059270717,0.0728538975403366,0.79119590109767,0.913569405695632,0.371047545022027,0.117404836720509,0.736997923760492,0.879852146868252,-0.0469615142486903,0.00106977339599332,0.97437342740216,0.978857877576765
novel:OW982319.1_40347,4.40944270404136,5.00263684057105,7.97206522829124,0.0144732369649397,0.0984747326107184,0.227169628933887,0.127986766711662,0.72632046536462,0.87094179696377,5.22980646950494,9.10237124069183,0.00999457514372907,0.0294405419994628
novel:OW982319.1_40349,4.24477193363444,0.578147741850732,0.175962574963665,0.681283623992105,0.862747019167572,0.228251844692976,0.06384797812858,0.80421645058674,0.911893966983291,0.806399586543707,0.345545860942889,0.566083331107104,0.69102965193705
novel:OW982319.1_40350,4.24477193363444,0.578147741850732,0.175962574963665,0.681283623992105,0.862747019167572,0.228251844692976,0.06384797812858,0.80421645058674,0.911893966983291,0.806399586543707,0.345545860942889,0.566083331107104,0.69102965193705
novel:OW982319.1_40366,4.91395424940655,-0.271720445323456,0.163952145030826,0.691712548537487,0.871879537923995,-0.253995870351112,0.249525233329189,0.625231079064032,0.796733365356484,-0.525716315674568,0.631170852514686,0.440293960013968,0.58778159193983
novel:OW982320.1_41282,5.26317508373947,0.46542427618155,0.370218788623086,0.552708820464083,0.784209897098253,1.40016571151908,9.1981310196876,0.00901930233558172,0.054316242954281,1.86558998770063,7.15799210241508,0.0182081389066901,0.0479068509098351
novel:OW982320.1_41385,6.70721982930864,0.246364163071043,0.273483898179514,0.609248368734022,0.816615353798759,-0.0609749816511365,0.0333781061321635,0.857676531311872,0.944838780428932,0.185389181419907,0.154775370409977,0.699987342311468,0.793709496930577
novel:OW982320.1_41483,7.83704413928246,0.367120743331235,1.28464364249024,0.276228185916219,0.546407579440112,0.83570234541497,13.1888142451742,0.00275549125120676,0.0226284281538495,1.20282308874621,14.0330560859195,0.00219878902912725,0.00945828296656326
novel:OW982321.1_43195,8.75929047853928,-0.696441520465934,4.32888848587016,0.0564759068150826,0.228918517443566,-0.109680879140844,0.169614501453721,0.686741559923539,0.834560371028157,-0.806122399606778,5.12247296567611,0.0401805342249325,0.0907410397913059
novel:OW982321.1_43500,4.62142911784123,0.69837356891954,0.69132348245887,0.419783430928581,0.674198606760187,-0.716092240368898,1.26064495423564,0.280568187148983,0.491372992378128,-0.0177186714493582,0.000576677733964256,0.981183039350175,0.981183039350175
novel:OW982322.1_46516,4.53097007015821,0.229032106260663,0.0552568798803183,0.817587290607343,0.934878294323164,-0.672518324603447,0.582907446892931,0.457951618013378,0.64303051026749,-0.443486218342784,0.183553917449355,0.674907997902193,0.77500028572667
novel:OW982326.1_36224,8.35855969018473,-0.484103762643089,1.50374592981767,0.240485527768636,0.509152953322658,-0.0778065797534631,0.0696109537067612,0.795779307048759,0.911893966983291,-0.561910342396552,2.22855114129865,0.157851120145678,0.265548769348952
