,NCT_72_33_32_smRNA_S31,NCT_72_33_53_smRNA_S44,NCT_72_38_71_smRNA_S47,NCT_72_38_73_smRNA_S48,NCT_72_43_21_smRNA_S29,NCT_72_43_22_smRNA_S30,RBC2_72_38_11_smRNA_S25,RBC2_72_38_12_smRNA_S26,RBC2_72_43_41_smRNA_S42,RBC2_72_43_42_smRNA_S43
novel:CALPDS010000116.1_47237,5.22569568136603,4.8729704847982,6.75362366812513,5.54167589173698,4.88369807364321,5.94498884255884,5.59608489720785,5.45914980851087,5.46058116431822,5.2081574612297
known:CALPDS010000185.1_47481,11.1684827131881,11.4730628525299,11.136894242766,10.9400826057119,11.0110585917039,11.0491344469842,11.2708782192919,11.189812526187,11.2318318956862,11.2652496640445
known:CALPDS010000378.1_48005,17.6036904009074,17.4919982195472,17.4984677392237,16.9883443215856,17.1431562234157,17.1847197887442,16.4815239878588,16.3869794169068,16.3831809900747,16.4062367141758
known:CALPDS010000378.1_48036,6.25659937935735,6.59831740569748,6.91765882463573,6.78813763573532,5.96326053728341,5.76552028343714,5.81882260908046,5.92297203088466,5.5752689198612,5.96904260881428
novel:OW982291.1_4098,4.99285314866851,5.23846654920397,1.98428374255877,4.39276231858477,3.49325335230059,3.4806238166822,5.00991322839769,4.58340077472421,3.89599448913496,4.21938734731348
known:OW982291.1_73,10.5601015005674,11.1009279954928,10.7510774943308,10.6688420547956,9.39295423524189,9.68904326632459,10.5212527759223,10.4903846063166,10.0406765076202,10.0552122280694
known:OW982291.1_77,10.0920696804049,9.87922586997234,9.96597523635091,10.7316697090342,10.2784833438643,9.30124127985673,10.6244884271442,10.8181988097933,10.3373462883165,9.98906368719963
novel:OW982291.1_87,3.2530367377353,5.06726215945046,3.65753245049179,3.03898315731476,1.98428374255877,1.98428374255877,4.32966226356475,3.40995013842173,1.98428374255877,1.98428374255877
novel:OW982291.1_97,7.59675685224934,6.32184354824176,1.98428374255877,3.64172743596065,3.49325335230059,4.67666242355153,5.81882260908046,5.56461091854607,3.49103799263235,4.88904504346097
novel:OW982291.1_4262,3.2530367377353,4.3822618834823,1.98428374255877,1.98428374255877,2.92766762638965,1.98428374255877,4.59366554673787,3.40995013842173,1.98428374255877,1.98428374255877
known:OW982291.1_494,12.5152743823527,12.700729820299,12.3265494651206,12.5904618723784,12.6542592571864,12.7531770695742,12.7700772794962,12.7369397413169,12.7812653702395,12.8079223922326
known:OW982291.1_814,4.37070739095092,3.63289642682862,3.65753245049179,4.39276231858477,4.21452793896735,3.88419071189312,3.58881464016824,4.11283159807786,4.690283746042,4.88904504346097
known:OW982291.1_4863,6.02910209414663,6.88282199272842,6.75362366812513,7.41102246281593,7.80144672458175,7.75846977247596,6.76735223121341,6.91557666135826,7.03868726706973,6.83276836469444
novel:OW982291.1_4949,6.54209283242156,7.39837662650289,7.50411034698899,7.21800702976487,6.39752148472311,6.10458158647946,6.0992960399641,6.2733982644381,5.8730513313959,6.20250956728199
novel:OW982291.1_4950,6.45306128609913,7.39837662650289,7.46927232927101,7.176099697873,6.39752148472311,6.10458158647946,6.0992960399641,6.44894023901875,5.8730513313959,6.12880679528977
novel:OW982291.1_1361,1.98428374255877,5.77212570422563,3.65753245049179,5.9916582268857,6.33362801241153,5.8580434594966,4.81674962516167,4.11283159807786,6.33037900199905,5.69035962834085
novel:OW982291.1_5254,5.90031323225541,4.3822618834823,3.05099971697583,3.64172743596065,3.89850398894404,3.4806238166822,5.00991322839769,5.34536718369055,2.92602860058817,3.90304158478243
known:OW982291.1_1658,12.7760829990517,12.9052341551955,13.3375090676847,12.624944087479,12.8539283531715,12.9636782462653,12.8931055749041,12.9556827685248,12.9254002433912,12.874966860895
novel:OW982291.1_5555,7.21877868204159,4.3822618834823,3.05099971697583,3.03898315731476,1.98428374255877,1.98428374255877,5.00991322839769,4.77137128143436,1.98428374255877,2.93063376916467
known:OW982291.1_2296,8.93416050430845,8.92343083016135,8.53957973975803,9.17838580490928,8.78859572740919,7.98052559420934,8.88365487908986,9.00674585504414,8.80884412639008,8.49078019791733
known:OW982291.1_2298,9.84327959861953,10.0325636207899,9.82152845525427,9.1132556332332,9.52038869832313,9.26790159769974,9.72075826050819,9.23954560837295,9.28389931223306,9.57589726964108
known:OW982291.1_2300,14.277854150841,14.8582371896339,14.6060967717498,14.610565552638,14.3271666210663,14.5187925244687,14.8519498183365,14.8090411774795,14.6908939920313,14.7159014373304
novel:OW982291.1_5831,6.25659937935735,5.97951857831161,7.28122175584846,6.40842797827581,6.87249306042571,6.55509643176418,7.43912882071131,7.89173917727875,7.54017655983425,7.04798918401425
novel:OW982291.1_2437,4.37070739095092,5.77212570422563,3.65753245049179,1.98428374255877,1.98428374255877,2.9183324951733,4.00627963156225,4.11283159807786,4.21183999590118,1.98428374255877
novel:OW982291.1_6047,6.45306128609913,5.65605942642612,4.41152499575613,4.65929271230995,3.49325335230059,3.4806238166822,5.00991322839769,3.80377960269855,3.49103799263235,3.49726023905537
known:OW982291.1_2498,8.75951827638633,9.31653515072385,8.78596809102868,8.92366602727729,8.57033460059869,8.79288648532819,9.15288364887467,9.01607249326755,8.86629026658085,8.9310478867226
known:OW982291.1_2499,12.9670481370711,12.505982460903,11.5699158592819,12.2973898040331,12.5916173447963,12.1980580575727,12.3754594645596,12.438819130238,12.4718065598349,12.5456373370239
novel:OW982291.1_6215,6.70519568471235,6.24357278687141,6.27774378100969,6.89533793931585,6.12298377464966,6.31507438770324,6.65623504693911,6.33431658405167,6.62479476602237,6.96571226834435
novel:OW982291.1_6348,6.02910209414663,5.52983207184591,5.56281172374104,3.64172743596065,5.05196855449731,3.88419071189312,5.33256694574467,4.36721764688861,4.88073966251271,5.2081574612297
novel:OW982291.1_6374,6.62594796659867,7.24611914432572,5.68929490066139,4.06557430611049,3.89850398894404,5.32146737274346,4.32966226356475,5.56461091854607,5.78045575906817,5.34463573838801
novel:OW982291.1_3027,5.4261289659074,4.3822618834823,3.65753245049179,5.54167589173698,2.92766762638965,3.4806238166822,5.00991322839769,4.9376500046875,4.88073966251271,5.05740645831803
known:OW982291.1_3058,7.7163544386796,7.80493040254619,6.501130765301,6.17304590908873,6.62807475599188,6.66162407229081,7.05705399277795,7.32875937971573,6.62479476602237,6.40340511387185
known:OW982291.1_6720,12.2472035802089,12.2284026498616,11.8133208964032,12.5744198227861,12.587342900909,11.9695864121541,12.3589206838229,12.6414869579148,12.4773479840248,12.4730371857503
known:OW982291.1_6721,8.08562997734586,8.16485371663979,7.91989178116672,8.56625423391551,8.66423785954903,8.09901062137612,8.65710426375453,8.7846434176285,8.66085439795921,8.84160437916524
known:OW982291.1_6724,10.6629342176607,10.948905363895,10.8525664265282,11.3792309648187,12.3394822813229,11.7771446496127,11.5013373964781,11.8152821833101,11.6186822402119,11.5720157983104
known:OW982291.1_6727,12.9324716569386,12.2372657114853,12.0335007163373,12.8876655911198,12.9084002986336,12.386535006493,12.9007430219179,13.0121221393818,12.8181256194787,12.7878596501586
novel:OW982291.1_3369,8.30501742631149,7.43405637165918,4.90418801692438,6.25584769853227,5.46369130935329,5.18523905352547,6.59729305270367,7.49806559056696,5.5752689198612,6.05113511059414
novel:OW982291.1_3395,4.37070739095092,1.98428374255877,3.65753245049179,4.39276231858477,1.98428374255877,1.98428374255877,2.99898486718363,1.98428374255877,3.89599448913496,3.49726023905537
novel:OW982291.1_6827,6.35817195148721,4.8729704847982,7.32084400308693,6.54640357366417,4.88369807364321,5.8580434594966,6.76735223121341,6.55512341581727,7.32756895654419,7.04798918401425
novel:OW982291.1_6861,4.37070739095092,1.98428374255877,3.65753245049179,3.03898315731476,4.69317745217149,3.88419071189312,1.98428374255877,2.86649072441154,4.21183999590118,3.49726023905537
known:OW982291.1_6991,11.2697164084343,11.1009279954928,10.5941971302759,11.0830026865789,11.4061189331717,11.3412710597018,11.2057810070335,11.2304438668192,11.381191041497,11.2544603460628
known:OW982291.1_6993,8.27935033726881,8.26730760706661,8.5226888374439,9.24070225599785,9.57667323952114,8.98977649183433,8.83346035876899,9.12352814525928,9.44339972738825,8.95256839906943
novel:OW982291.1_7006,4.71506024063518,4.64837967371631,5.09908698236521,5.07868831684537,6.39752148472311,6.24826526294633,5.4703342417471,4.9376500046875,6.04211953917357,5.58406511138071
novel:OW982291.1_7260,1.98428374255877,1.98428374255877,3.05099971697583,1.98428374255877,4.21452793896735,5.0347930142393,2.99898486718363,3.80377960269855,5.5752689198612,5.96904260881428
novel:OW982292.1_10364,6.85171773583711,5.65605942642612,6.10694797419509,6.40842797827581,5.96326053728341,6.49872989342759,5.4703342417471,6.39276648365493,6.1197611436641,5.34463573838801
known:OW982292.1_10416,12.8661271983341,12.9335550298301,12.6911690093655,12.5355894355296,12.5063446993234,12.6630811770511,12.8240932068693,12.8164930841795,12.7827580045087,12.7938333076838
novel:OW982292.1_8715,7.51113586221311,8.03145694449496,7.91989178116672,7.25873132361414,5.46369130935329,4.67666242355153,8.03545991229171,7.91186471187211,5.68150709815864,6.20250956728199
known:OW982292.1_8979,6.9197516560512,7.72076250810133,6.81039978198392,6.25584769853227,5.57840250298194,5.18523905352547,6.40447544305024,6.2733982644381,7.07812275372218,6.52330542526447
known:OW982292.1_8980,6.9197516560512,7.72076250810133,6.75362366812513,6.25584769853227,5.57840250298194,5.18523905352547,6.40447544305024,6.2733982644381,7.07812275372218,6.52330542526447
known:OW982292.1_9046,12.4376314122331,12.49229691296,12.5102078797766,12.3735310869301,12.7314405961132,12.6404641172426,12.3522517165455,12.2491662320367,12.679973125699,12.6079934608373
known:OW982292.1_9221,11.0894523915294,11.233393716187,11.6184202525595,11.2689249651913,10.6955520698857,10.607771496189,10.8526782532624,10.8756857656059,10.5486180740958,10.5721526763774
known:OW982292.1_9226,10.8619487862043,10.5622963864901,10.3670227035953,10.7171309885773,10.7393603770432,10.5977434118567,10.5053103480191,10.4769386356633,10.7482275547642,10.656529309996
novel:OW982292.1_9415,5.60208252717399,6.16081075952488,1.98428374255877,4.06557430611049,1.98428374255877,1.98428374255877,2.99898486718363,4.58340077472421,1.98428374255877,2.93063376916467
known:OW982292.1_9450,3.91750288252447,5.52983207184591,5.56281172374104,5.07868831684537,5.33906520404193,5.76552028343714,5.00991322839769,5.92297203088466,6.19343683113621,5.69035962834085
known:OW982292.1_11552,10.6924071240949,9.18659780555882,10.5490339812664,9.90500531219114,13.9001239672298,14.1048690326364,8.0791945931265,7.89173917727875,12.6344041903919,12.0598843365776
novel:OW982293.1_13080,1.98428374255877,3.63289642682862,3.05099971697583,1.98428374255877,1.98428374255877,3.88419071189312,3.58881464016824,4.58340077472421,2.92602860058817,4.47868816192809
novel:OW982293.1_13144,1.98428374255877,3.63289642682862,4.67878492436328,3.64172743596065,5.33906520404193,5.76552028343714,4.32966226356475,3.80377960269855,5.19959733986925,5.34463573838801
known:OW982293.1_12063,4.71506024063518,5.06726215945046,4.41152499575613,5.9916582268857,5.33906520404193,4.86681197029452,4.59366554673787,4.11283159807786,5.46058116431822,5.46931169139994
known:OW982293.1_12064,4.71506024063518,5.06726215945046,4.41152499575613,5.9916582268857,5.33906520404193,4.86681197029452,4.59366554673787,4.11283159807786,5.46058116431822,5.46931169139994
known:OW982293.1_13413,6.35817195148721,7.39837662650289,5.91318251645796,6.84273325624597,5.57840250298194,6.17821143877438,6.01172660070274,6.70104333890971,5.78045575906817,5.96904260881428
known:OW982293.1_13414,6.35817195148721,7.46887496440667,6.501130765301,6.94609179739695,6.95973532326135,6.55509643176418,6.33401709669676,6.91557666135826,6.1197611436641,6.73680516760732
novel:OW982293.1_13427,4.37070739095092,7.7493675589956,7.1108624658036,6.54640357366417,3.49325335230059,1.98428374255877,5.59608489720785,5.34536718369055,1.98428374255877,3.49726023905537
known:OW982293.1_13826,8.88395113979077,8.97278528022433,9.88237830135155,8.93627396375552,10.2614140415861,10.4307915410373,8.92018694405946,9.14918646910615,9.69241646659676,9.73958510407306
novel:OW982293.1_13839,3.2530367377353,4.64837967371631,5.42416461582566,4.06557430611049,5.05196855449731,5.0347930142393,5.00991322839769,2.86649072441154,4.21183999590118,5.34463573838801
novel:OW982293.1_13890,6.9197516560512,6.32184354824176,8.30288092580265,8.13450927726149,7.08143964159465,7.24490592751325,7.47231099792575,7.60081756818073,6.91346874736369,6.87845779875395
novel:OW982293.1_12561,4.99285314866851,5.97951857831161,4.67878492436328,3.03898315731476,3.49325335230059,2.9183324951733,4.00627963156225,4.77137128143436,3.49103799263235,1.98428374255877
novel:OW982293.1_14451,7.59675685224934,8.45267349693014,9.15821505406506,7.64406923330472,8.61132946327451,9.0400153327859,7.65681458300093,7.78667167467049,9.26693481119891,9.14243555756613
novel:OW982293.1_12779,4.37070739095092,4.05569632055427,3.05099971697583,4.39276231858477,2.92766762638965,1.98428374255877,1.98428374255877,3.40995013842173,3.89599448913496,3.90304158478243
known:OW982293.1_14549,8.49540466035033,8.50393727451576,7.75612527651054,7.94787960013674,7.19367105106457,7.46681780459826,7.9199455555489,7.89173917727875,6.86919174646312,6.92274457889457
known:OW982293.1_14552,7.1637271718914,6.71893048903957,5.09908698236521,6.73139442694424,6.82681031885236,5.56051141551266,6.25994022784796,6.50300849979005,6.45544192310208,6.20250956728199
known:OW982294.1_45535,5.4261289659074,5.65605942642612,4.90418801692438,4.06557430611049,5.57840250298194,5.32146737274346,5.91849637570973,4.58340077472421,5.19959733986925,4.47868816192809
novel:OW982294.1_43852,7.79091069861698,6.07301049320744,4.08323532037193,4.39276231858477,3.49325335230059,2.9183324951733,2.99898486718363,4.11283159807786,4.690283746042,5.2081574612297
known:OW982294.1_44233,7.59675685224934,7.53608825312935,7.35940708710493,7.67448882948101,7.93662220175257,7.57981075743935,7.79437078030533,7.47119196232899,7.75006509542523,7.8766856796082
known:OW982294.1_44316,11.7100235942532,11.4492853071926,12.0512769963286,11.6614036125115,12.0249271376871,12.1428057911801,11.1088817762562,11.1136616202485,11.2556755579524,11.0869912732423
novel:OW982294.1_44395,3.2530367377353,4.05569632055427,4.67878492436328,1.98428374255877,4.88369807364321,5.0347930142393,4.32966226356475,2.86649072441154,5.33598272601202,2.93063376916467
known:OW982294.1_44435,16.542280611445,16.6700208892854,16.8798925566903,16.3928179744766,16.5825055014881,16.7930684166252,16.3296763609858,16.3977228032456,16.5429911328502,16.5429697003356
known:OW982294.1_44437,11.7267379606977,11.8234632894643,11.3385594020872,12.0340935134443,12.2175590375075,11.7562594028456,11.9219001824361,11.9851795868051,11.8905803718097,11.8465681028104
known:OW982294.1_44439,15.2869977383139,15.1708219585705,14.986462482405,15.2315437913028,15.482307508554,15.3240804359889,15.119442920284,15.3083331199057,15.3055532927819,15.2343972409594
novel:OW982294.1_46254,6.14733032875215,4.64837967371631,1.98428374255877,3.03898315731476,1.98428374255877,1.98428374255877,2.99898486718363,4.11283159807786,2.92602860058817,3.49726023905537
known:OW982294.1_44887,8.30501742631149,8.38135899651358,8.22148163120254,7.70428024323975,7.11982841871821,7.174684752302,7.01263243283745,6.60542121818919,6.72757248815961,6.63400108933288
known:OW982294.1_44888,7.59675685224934,7.69157879754262,7.63561368374453,7.37443011979742,6.19666913087148,6.76082377333287,6.71286316326863,6.20979380694409,6.2635321442802,5.69035962834085
known:OW982294.1_45095,17.6287195957683,17.4812463842832,17.4896670580062,16.986072280532,17.1356745947405,17.1840915907304,16.4658420037837,16.3916894956176,16.4093254496265,16.386483609973
novel:OW982294.1_45097,7.1637271718914,7.02998005432034,7.3969661628283,7.97257193702717,5.87623774274179,6.49872989342759,6.53584000057252,6.14325535495571,5.96006063938542,6.46460050407992
known:OW982294.1_46496,6.54209283242156,6.32184354824176,6.501130765301,6.25584769853227,5.68466079119506,5.44593472268278,6.47165238010011,5.45914980851087,5.46058116431822,5.05740645831803
novel:OW982295.1_14863,3.91750288252447,4.8729704847982,4.67878492436328,3.03898315731476,3.89850398894404,5.44593472268278,4.59366554673787,5.22183643909815,2.92602860058817,3.49726023905537
novel:OW982295.1_15424,7.04689064625258,7.39837662650289,6.69452131577297,6.08520088933698,4.47361278181666,5.8580434594966,7.10014854062323,6.83355057387788,5.33598272601202,1.98428374255877
novel:OW982295.1_16736,3.91750288252447,5.77212570422563,3.05099971697583,4.39276231858477,3.89850398894404,3.88419071189312,4.81674962516167,5.34536718369055,4.21183999590118,5.46931169139994
known:OW982295.1_16939,1.98428374255877,4.05569632055427,4.08323532037193,4.88417709131575,5.05196855449731,3.4806238166822,2.99898486718363,2.86649072441154,4.47080504889721,4.21938734731348
novel:OW982295.1_15749,5.4261289659074,5.77212570422563,3.65753245049179,4.06557430611049,1.98428374255877,1.98428374255877,5.1802413984848,4.77137128143436,4.47080504889721,4.69840780429967
novel:OW982295.1_17096,6.9197516560512,5.65605942642612,1.98428374255877,1.98428374255877,1.98428374255877,2.9183324951733,5.00991322839769,5.56461091854607,1.98428374255877,2.93063376916467
known:OW982295.1_17122,9.96902253925403,9.72933277372932,9.65325428937484,10.241066831318,10.6272396458313,10.3926326877245,10.5718815925431,10.4903846063166,10.7963132307082,10.7175092521451
known:OW982295.1_17129,13.9606483159701,14.0182919523999,13.5914687941578,13.4486468280569,13.161108230822,13.1985568250929,13.0633725858934,13.1900402362946,13.1788204732323,13.2912227001252
novel:OW982296.1_17269,6.45306128609913,6.5340058723192,7.8938560042566,7.51553995918239,8.91404381421464,9.35779370740522,7.10014854062323,7.0304834308926,8.95369615769738,8.69609552385472
known:OW982296.1_17568,10.5223055218424,10.0783788338148,11.0803011161638,11.8177801530115,12.5063446993234,12.0217715241981,11.7465189880722,11.8179509109749,12.2041539440132,12.1370987518985
known:OW982296.1_17769,6.62594796659867,6.77565502457302,7.75612527651054,7.58123545251578,8.2277569427335,8.11784548506968,8.24197021068717,8.32597272957974,8.82051780673185,9.04562522902331
known:OW982296.1_17770,8.77796508298743,8.84608131687462,9.61392282814172,9.16773292045998,9.22702397648967,9.22511343914465,9.72075826050819,9.54677035940307,10.0506232198949,10.0798676432401
novel:OW982296.1_17909,8.5819367731344,5.97951857831161,4.41152499575613,5.40322496965254,4.47361278181666,4.45759067645058,6.71286316326863,6.33431658405167,4.47080504889721,2.93063376916467
novel:OW982296.1_20196,7.7163544386796,5.77212570422563,4.08323532037193,3.03898315731476,2.92766762638965,4.19919241120571,6.01172660070274,5.92297203088466,4.690283746042,3.49726023905537
novel:OW982296.1_20257,3.91750288252447,5.23846654920397,5.68929490066139,5.25006309938574,6.82681031885236,6.44007124008262,5.00991322839769,5.34536718369055,6.8235127208907,7.08743242787734
known:OW982296.1_20355,4.99285314866851,5.87954562567802,6.91765882463573,6.25584769853227,7.19367105106457,7.13824941191048,5.81882260908046,6.00019786572956,6.77633996921671,6.83276836469444
known:OW982296.1_20356,5.22569568136603,5.65605942642612,6.501130765301,5.66799579746151,6.77963360414127,6.80797773294128,5.4703342417471,5.84137742711345,6.51412966122707,6.46460050407992
novel:OW982297.1_21579,6.35817195148721,6.98257582641992,6.27774378100969,5.66799579746151,2.92766762638965,3.4806238166822,5.33256694574467,5.75488996364777,4.690283746042,3.90304158478243
known:OW982297.1_20532,3.91750288252447,4.8729704847982,4.08323532037193,4.39276231858477,3.49325335230059,1.98428374255877,1.98428374255877,2.86649072441154,1.98428374255877,1.98428374255877
known:OW982297.1_20558,6.9197516560512,6.466693197629,5.68929490066139,6.33415402158048,6.57379779912659,6.71207637624538,6.01172660070274,6.8751465000692,6.8235127208907,6.96571226834435
novel:OW982297.1_22048,5.75889039609078,5.52983207184591,4.08323532037193,3.03898315731476,3.89850398894404,3.4806238166822,4.32966226356475,4.77137128143436,4.88073966251271,5.34463573838801
novel:OW982297.1_22163,7.46634122260638,5.97951857831161,4.08323532037193,5.07868831684537,3.89850398894404,4.86681197029452,6.01172660070274,4.9376500046875,3.49103799263235,5.2081574612297
known:OW982297.1_22176,8.70271897055425,8.8193482912013,8.32253285414703,9.31981271941295,9.27883703180776,8.26027702820325,9.04673961741467,9.27104916469158,8.80884412639008,8.88701918136133
novel:OW982297.1_22208,6.98472123003546,6.24357278687141,6.69452131577297,5.89162724189269,4.88369807364321,4.86681197029452,6.40447544305024,6.83355057387788,5.5752689198612,5.05740645831803
known:OW982297.1_22209,10.2257419474019,10.6098703538475,10.6458106078802,10.0101196822921,9.27032971708928,9.50813356485205,10.0468501620007,10.0198513850801,9.37379762987736,9.19754945721945
known:OW982297.1_22337,6.02910209414663,5.77212570422563,6.63289392893985,6.89533793931585,7.08143964159465,6.85363913758354,6.53584000057252,7.06683812855903,6.67709867036663,7.36928726954996
known:OW982297.1_21451,10.1498691673469,10.0783788338148,10.0090598484813,10.0969059636506,10.4159547098647,10.1625494561105,10.0632769613135,10.1140655103215,10.3373462883165,10.2632678055053
novel:OW982297.1_22547,6.35817195148721,6.32184354824176,5.270762576247,4.88417709131575,1.98428374255877,1.98428374255877,4.81674962516167,4.77137128143436,3.49103799263235,1.98428374255877
known:OW982298.1_23877,9.72466722636242,10.0208788177664,9.6454733115211,9.67610753168973,8.5841293925942,8.02111147113689,9.15288364887467,9.5076326999567,7.86725807505518,7.46223912860691
novel:OW982298.1_24178,5.60208252717399,6.71893048903957,7.84033101214164,7.48153522128565,7.22922175900804,6.98254401483825,7.29819717676884,6.60542121818919,7.62250386010708,7.16322412270237
known:OW982298.1_24281,3.2530367377353,5.52983207184591,7.24048051690996,6.40842797827581,3.49325335230059,5.32146737274346,6.18185294733188,6.91557666135826,6.57052305494541,6.63400108933288
known:OW982298.1_24282,1.98428374255877,5.39149233703692,7.01749242548531,6.40842797827581,2.92766762638965,5.32146737274346,6.01172660070274,6.79071965428475,6.51412966122707,6.5797146844421
novel:OW982298.1_24345,11.558209806691,9.66322225484274,9.45384606400323,9.43977723918872,10.1405909228008,9.97900992339213,10.8463642019933,10.7245892084871,10.1183937549468,10.1698939474878
novel:OW982298.1_24354,6.9197516560512,1.98428374255877,3.05099971697583,4.39276231858477,4.47361278181666,4.45759067645058,5.71174805057002,5.45914980851087,4.21183999590118,4.69840780429967
novel:OW982298.1_24470,6.85171773583711,6.39608551148002,7.1108624658036,6.33415402158048,6.45870486886985,5.18523905352547,6.81985798512056,6.39276648365493,5.78045575906817,6.20250956728199
known:OW982298.1_23371,5.60208252717399,4.05569632055427,5.68929490066139,6.08520088933698,5.68466079119506,5.66665429356747,4.59366554673787,5.45914980851087,5.96006063938542,5.46931169139994
known:OW982298.1_24494,10.7865161612807,10.7961952548759,10.5697381114796,10.5872524893836,10.2742349143177,10.1760918280979,10.2277593078459,10.2935204133227,10.1371860888147,9.88657897608273
known:OW982298.1_23475,6.62594796659867,6.88282199272842,7.66669839081933,7.29833754367673,7.19367105106457,8.00096124813313,6.40447544305024,6.07349908005568,7.45286542092589,7.54956294497923
known:OW982298.1_23583,10.1917481324924,10.2829972035593,9.84889015772682,10.0856316918078,10.5200895423,10.3293981392981,10.1219572243498,10.2187497825753,10.2276424455832,10.271853288882
novel:OW982299.1_25711,5.90031323225541,5.65605942642612,3.65753245049179,4.39276231858477,2.92766762638965,1.98428374255877,4.81674962516167,4.77137128143436,4.690283746042,4.21938734731348
known:OW982299.1_26062,7.92937352684426,7.77741645230119,8.13521357851577,8.69052963050268,8.5841293925942,8.07992660592668,8.29856859390315,8.54796661828147,8.43648213461079,8.74624692744039
known:OW982299.1_25336,13.6906031794436,13.296655328922,13.8212250527479,13.3059597544975,14.0408796321189,14.1846390799947,13.0254497389185,13.2490742957697,13.5465979798435,13.4988288734265
novel:OW982299.1_26240,1.98428374255877,1.98428374255877,1.98428374255877,1.98428374255877,5.57840250298194,6.10458158647946,2.99898486718363,2.86649072441154,4.88073966251271,3.49726023905537
known:OW982300.1_28095,1.98428374255877,1.98428374255877,3.05099971697583,4.65929271230995,3.49325335230059,4.86681197029452,1.98428374255877,3.40995013842173,3.49103799263235,4.47868816192809
novel:OW982300.1_28100,1.98428374255877,5.06726215945046,4.41152499575613,1.98428374255877,4.88369807364321,5.18523905352547,1.98428374255877,1.98428374255877,2.92602860058817,4.69840780429967
novel:OW982300.1_27462,8.90088249552339,6.466693197629,5.91318251645796,3.64172743596065,4.69317745217149,3.88419071189312,6.33401709669676,5.92297203088466,4.21183999590118,3.90304158478243
known:OW982300.1_28198,11.8253697392013,12.0842716238172,11.7126578807066,11.1736422640406,11.2504619299932,11.4968562862734,10.9501165336511,10.880800024494,11.0178245679519,11.0624583380843
known:OW982300.1_27483,8.70271897055425,8.18593483588837,8.04345707273438,8.56625423391551,9.05938691658067,8.87267785824751,8.03545991229171,8.18424224859508,8.8996910969594,8.70879776127624
known:OW982300.1_28199,12.266928342276,12.3744322123973,12.0155026691566,12.416908977434,12.2739688089024,12.1644820222003,12.1259510429135,12.1091082185393,12.1485096799012,12.0759065206092
known:OW982300.1_28277,8.75951827638633,7.98410202439468,7.94546601711779,8.06732032276818,8.97813455221278,8.63186761894712,8.79463411923443,8.75152375486193,8.095792942349,8.16176959526147
known:OW982300.1_28279,9.01414461177599,8.6013038580847,8.71339249012856,8.53343754311791,8.83548498197175,9.02012923527816,8.79463411923443,8.71762587012562,9.03610769366083,8.5902386355754
known:OW982300.1_28718,8.1718562349517,8.79211053737695,8.45307534872804,9.39480973015021,9.62418296356936,8.93772487218165,9.12185228770961,9.16604195632998,9.30897779647308,9.40690689984324
novel:OW982301.1_28870,3.91750288252447,4.3822618834823,6.35611279071515,5.40322496965254,6.12298377464966,5.76552028343714,6.0992960399641,5.08672942575903,6.33037900199905,6.05113511059414
known:OW982301.1_29999,11.5688431321864,11.2485022795732,11.1806227830163,11.2284914585231,11.6746169102707,11.710460470351,11.3907046784116,11.4596352252847,11.5165277255208,11.6465308503467
known:OW982301.1_30000,11.3489688167147,10.9733616913612,10.7143576354063,11.0133117139291,11.3627609216587,11.3591905402749,11.1834124204913,11.2523127605443,11.2470506610713,11.3749142001298
known:OW982301.1_30001,10.5654209931114,10.6672131577814,10.81837073248,10.408772320397,10.0834627412411,10.0095876385204,10.1219572243498,10.1984118067067,10.1183937549468,10.0749701535769
novel:OW982301.1_30007,3.2530367377353,3.0322827060525,4.67878492436328,4.65929271230995,4.21452793896735,3.88419071189312,1.98428374255877,3.40995013842173,4.47080504889721,4.21938734731348
known:OW982302.1_30791,4.37070739095092,6.98257582641992,7.8938560042566,8.660449916436,8.3778546255216,7.85143192420425,8.24197021068717,8.18424224859508,8.6346433386459,8.28563846254228
novel:OW982302.1_30840,3.2530367377353,3.0322827060525,5.270762576247,4.88417709131575,5.33906520404193,5.0347930142393,4.59366554673787,4.11283159807786,6.2635321442802,5.78935715710865
known:OW982302.1_30394,7.99392075428916,8.63235191215631,7.8938560042566,8.51674495726767,9.66369628116646,9.57780948990954,8.43946567531342,8.46866751383916,9.52414704308649,9.6236326220508
known:OW982302.1_31021,8.64359148615469,9.10040037247159,8.84150939664972,8.89811471243918,8.31306420390968,8.24322332188865,7.79437078030533,7.64957346037483,7.54017655983425,7.43191576185852
novel:OW982302.1_30532,3.2530367377353,4.8729704847982,3.05099971697583,3.64172743596065,4.21452793896735,4.45759067645058,5.1802413984848,4.36721764688861,1.98428374255877,2.93063376916467
known:OW982302.1_30549,11.1223079226173,11.6351206467727,12.4578560371792,11.895699439576,12.4301061909367,12.6216168532933,10.6021771111021,10.6426600389868,11.8738708179645,11.8736128768394
novel:OW982302.1_30555,5.4261289659074,4.8729704847982,1.98428374255877,1.98428374255877,1.98428374255877,1.98428374255877,2.99898486718363,1.98428374255877,2.92602860058817,2.93063376916467
novel:OW982303.1_32127,3.2530367377353,1.98428374255877,4.08323532037193,1.98428374255877,3.49325335230059,4.45759067645058,3.58881464016824,2.86649072441154,2.92602860058817,4.47868816192809
novel:OW982303.1_32745,9.30870844581819,8.48705093958887,8.17899232430802,8.17762417166907,6.95973532326135,7.21022253749862,8.18306042870725,8.06349608454576,7.86725807505518,7.96404421073633
known:OW982303.1_32813,13.85383829064,13.7337911094594,13.5378368424496,13.4839631127688,13.5971198021283,13.656213172654,13.6668216511387,13.6840957780662,13.6942857215137,13.736416591961
known:OW982303.1_32815,4.37070739095092,5.06726215945046,5.09908698236521,4.39276231858477,5.33906520404193,5.56051141551266,4.59366554673787,5.56461091854607,5.8730513313959,6.27262939554438
novel:OW982303.1_32885,8.93416050430845,8.96060405184204,9.58979874969868,9.10210890046235,9.06922910055651,9.42739125729302,8.89593530681855,9.11487295141221,9.20593706671337,9.3267716323123
known:OW982303.1_32887,15.1030865200629,15.382222347491,15.9246262691657,14.9811745183952,15.2019056401123,15.3720600581014,14.941126778948,14.976202769769,15.2220606870361,15.2230971446575
known:OW982303.1_32888,15.0744565993998,15.359062632913,15.9027621013515,14.9601071101985,15.1806406567432,15.3536801115608,14.9219265505232,14.9571122364558,15.2053229125183,15.2037375756916
known:OW982303.1_32889,14.3007595957075,14.3986724432667,14.9243161691438,14.2480606671775,14.3678578546012,14.4962520416655,14.449723466618,14.4434587392811,14.4554610933721,14.4275993906896
known:OW982303.1_32504,13.3168988938457,13.1714512921611,13.2021718723187,13.1929562389141,13.21363556698,13.1980037713142,12.9611599714934,12.9404558826821,13.205219651673,13.1968838599783
known:OW982303.1_32506,10.9821705766114,11.0615488919517,11.6243702261356,11.258922329354,11.5675880556629,11.7756628316962,11.0741793962497,11.1005696460359,11.544953124719,11.5650469063746
novel:OW982303.1_32508,9.0449365911507,8.96060405184204,8.85506693688857,9.72051799231379,9.52038869832313,9.1810173585603,8.92018694405946,8.92987921684024,9.24976845035827,9.46795702859264
novel:OW982303.1_32646,3.2530367377353,5.23846654920397,4.67878492436328,4.88417709131575,3.89850398894404,4.45759067645058,4.00627963156225,4.11283159807786,3.49103799263235,4.21938734731348
novel:OW982303.1_33145,5.22569568136603,5.77212570422563,6.27774378100969,4.88417709131575,4.21452793896735,5.32146737274346,4.59366554673787,4.36721764688861,4.47080504889721,3.90304158478243
known:OW982304.1_31272,4.37070739095092,4.64837967371631,4.67878492436328,5.66799579746151,4.88369807364321,5.32146737274346,5.71174805057002,5.08672942575903,5.78045575906817,5.34463573838801
novel:OW982304.1_32046,4.37070739095092,3.0322827060525,4.08323532037193,3.03898315731476,3.89850398894404,4.45759067645058,3.58881464016824,2.86649072441154,2.92602860058817,1.98428374255877
known:OW982304.1_31734,10.822505617339,10.9642390830074,10.284258121067,11.0251631776869,11.2590868599891,10.9342904417431,11.18090547744,11.0217371256472,11.0676561504498,11.2609436146647
novel:OW982304.1_31742,3.2530367377353,4.3822618834823,5.42416461582566,3.64172743596065,5.78362689574817,5.94498884255884,5.4703342417471,5.34536718369055,5.68150709815864,5.05740645831803
novel:OW982305.1_26408,4.37070739095092,5.23846654920397,4.41152499575613,4.06557430611049,4.21452793896735,3.4806238166822,4.32966226356475,4.11283159807786,4.21183999590118,4.69840780429967
known:OW982305.1_26500,7.46634122260638,7.50287299585501,6.43044314050771,7.41102246281593,5.57840250298194,5.56051141551266,6.9194626573282,7.13690949988894,5.8730513313959,6.05113511059414
known:OW982305.1_26994,12.4112856850418,12.3767259612443,11.9491007644732,12.6878070890548,12.6228606561888,12.0805602971585,12.8136124421878,12.8682648356758,12.7670077872036,12.7728163876668
known:OW982305.1_26995,10.2391183232688,10.6784132008125,10.3904882756259,9.84609245020104,8.39360758535906,8.35857102678689,9.5679725009211,9.7999186203378,8.96425874815044,9.08513227870294
known:OW982305.1_26998,12.3571054271521,12.2143640294886,11.7746080390566,12.6141953641594,12.5171711652262,11.994004642653,12.4047597226642,12.5457228185827,12.4494255309618,12.4721061617009
known:OW982305.1_26999,13.1814210944276,12.9982970515616,12.7043365513705,13.7596509232935,13.6627821549323,13.1723313521375,13.7924279314282,13.7564830438203,13.8744806811753,13.8707063536108
known:OW982305.1_27002,10.4946890044276,9.87273998909394,9.93439320440042,9.39480973015021,8.81223084067067,8.61870402834505,9.5679725009211,9.19096160166125,9.18802472184033,8.96320945814042
known:OW982305.1_27003,9.72466722636242,8.80579369365812,8.88180568585857,9.77768220675168,9.9081149572191,9.37355257183848,9.94415634338707,9.95344037625865,9.95853310591732,9.65678747923855
known:OW982305.1_27007,7.55458144279222,7.28571626664721,6.63289392893985,7.04253792140907,7.48590145466331,6.94084248187325,7.26070292043095,7.17070892115993,7.45286542092589,6.52330542526447
known:OW982306.1_33257,8.64359148615469,8.16485371663979,8.01957619567471,8.93627396375552,9.19141839545423,8.48000740766365,8.82063402981143,9.00674585504414,9.20593706671337,9.31850774617123
known:OW982306.1_33979,7.32295408615554,7.32425555072483,6.35611279071515,7.21800702976487,6.73086188752979,6.66162407229081,7.10014854062323,6.07349908005568,6.86919174646312,6.5797146844421
known:OW982306.1_33980,7.32295408615554,7.32425555072483,6.35611279071515,7.21800702976487,6.73086188752979,6.66162407229081,7.10014854062323,6.07349908005568,6.86919174646312,6.5797146844421
known:OW982306.1_33991,10.4144260685182,10.4707813075,10.3575285539439,9.96776064814747,9.52754552825921,9.70158316883693,9.97920613917877,10.0564716066966,9.66029614442116,9.33498845164982
known:OW982306.1_33992,10.4144260685182,10.4707813075,10.3622834386942,9.97388861772572,9.52754552825921,9.70158316883693,9.97342332133685,10.0564716066966,9.66677767412568,9.34315873728511
novel:OW982306.1_33995,5.22569568136603,4.64837967371631,5.91318251645796,5.9916582268857,4.88369807364321,4.86681197029452,6.53584000057252,5.56461091854607,5.78045575906817,5.34463573838801
known:OW982306.1_33997,12.4318182430923,12.0828674543377,12.1047476530221,12.3155993280358,12.4195656149655,12.3108011885691,13.1259641231967,13.1333163238478,12.7280257618005,12.7453367964252
known:OW982306.1_34000,13.3026359249944,13.3978078058338,12.6711895779325,13.5428583420435,13.576565091702,13.3315745987406,14.1415255476235,14.3241632742609,13.9894708987258,14.0370127438874
novel:OW982306.1_33312,4.71506024063518,4.3822618834823,1.98428374255877,1.98428374255877,2.92766762638965,1.98428374255877,4.32966226356475,4.58340077472421,3.49103799263235,1.98428374255877
known:OW982306.1_34006,8.11494842198803,7.80493040254619,7.1108624658036,6.54640357366417,5.46369130935329,4.67666242355153,5.1802413984848,5.34536718369055,5.46058116431822,4.88904504346097
novel:OW982306.1_34052,4.99285314866851,5.39149233703692,4.41152499575613,5.25006309938574,4.69317745217149,2.9183324951733,5.00991322839769,4.11283159807786,2.92602860058817,3.90304158478243
novel:OW982306.1_33361,6.45306128609913,6.5340058723192,5.270762576247,5.25006309938574,5.78362689574817,4.19919241120571,6.40447544305024,5.84137742711345,5.78045575906817,4.47868816192809
novel:OW982306.1_33456,5.4261289659074,5.39149233703692,5.09908698236521,3.64172743596065,4.47361278181666,1.98428374255877,5.00991322839769,4.36721764688861,4.47080504889721,4.88904504346097
novel:OW982306.1_33626,6.54209283242156,4.8729704847982,3.65753245049179,4.65929271230995,2.92766762638965,1.98428374255877,5.33256694574467,5.56461091854607,3.89599448913496,3.49726023905537
known:OW982307.1_34333,6.25659937935735,6.59831740569748,5.42416461582566,6.89533793931585,5.87623774274179,6.44007124008262,6.25994022784796,5.84137742711345,5.78045575906817,6.20250956728199
novel:OW982307.1_34369,3.2530367377353,4.64837967371631,4.08323532037193,4.65929271230995,3.89850398894404,2.9183324951733,3.58881464016824,4.36721764688861,4.690283746042,1.98428374255877
novel:OW982307.1_34905,7.37235028207639,5.23846654920397,4.41152499575613,3.64172743596065,1.98428374255877,3.4806238166822,4.81674962516167,4.58340077472421,3.49103799263235,3.49726023905537
novel:OW982307.1_34911,3.2530367377353,3.0322827060525,4.67878492436328,3.03898315731476,5.33906520404193,4.86681197029452,2.99898486718363,4.77137128143436,3.89599448913496,4.47868816192809
novel:OW982307.1_34924,7.51113586221311,4.64837967371631,3.65753245049179,4.88417709131575,1.98428374255877,1.98428374255877,5.00991322839769,4.9376500046875,3.49103799263235,1.98428374255877
known:OW982307.1_35049,8.51752911006522,8.96060405184204,8.43513416757262,8.69052963050268,8.89203151972731,8.49449268977937,8.43946567531342,8.21696302968651,8.25911471762562,8.35192093244401
novel:OW982307.1_34694,10.1356349349863,10.3358250453163,10.6994039438583,10.2959044486149,10.9377409125264,11.001754983645,10.5330950389459,10.5037064163221,11.2208622119162,11.1947613078593
known:OW982308.1_38879,6.45306128609913,7.02998005432034,7.72692792095403,7.446709594406,8.5841293925942,8.98977649183433,7.01263243283745,7.44380823191932,8.095792942349,8.38395410720099
known:OW982308.1_38882,4.99285314866851,4.3822618834823,1.98428374255877,1.98428374255877,5.05196855449731,4.45759067645058,4.00627963156225,3.40995013842173,3.89599448913496,3.49726023905537
known:OW982308.1_38897,7.37235028207639,6.83023335849993,5.68929490066139,5.40322496965254,4.21452793896735,4.67666242355153,6.0992960399641,5.66288519081649,4.47080504889721,5.05740645831803
novel:OW982308.1_39397,1.98428374255877,1.98428374255877,1.98428374255877,3.64172743596065,4.88369807364321,5.0347930142393,2.99898486718363,1.98428374255877,5.46058116431822,4.47868816192809
known:OW982309.1_35784,14.487826910902,14.487579637283,14.3417545349553,14.3943026317018,14.2484103248783,14.2125616645228,14.319308745677,14.3980326082499,14.1315478941299,14.0880395315865
known:OW982309.1_35786,12.3182461412671,12.305071888516,12.4511764358508,12.4633827239233,12.6144830183343,12.5436646610009,12.3874685286099,12.5441119359427,12.5307340808993,12.6164447356191
known:OW982309.1_35790,9.61607549902473,10.0383707233967,10.3858255955025,10.8662349335433,12.2729045474759,11.6822665830081,10.8400223953391,10.6842061297764,11.6103001658018,11.2127088905114
known:OW982309.1_35792,11.9156065882392,12.1897890174302,11.2334830390384,12.4785471416726,12.4253245647549,11.7562594028456,11.8761439481607,11.9672604386264,12.2218683630891,12.1969282426825
known:OW982309.1_35350,6.35817195148721,7.93513982326544,6.96843900571396,7.67448882948101,7.19367105106457,7.06249629197803,7.01263243283745,7.29850419221617,7.67488939461372,7.40094133285139
known:OW982309.1_35362,7.51113586221311,7.69157879754262,7.72692792095403,7.21800702976487,7.72879224450887,7.46681780459826,7.01263243283745,6.9931888912804,7.03868726706973,7.75947899300654
known:OW982309.1_35397,4.37070739095092,4.3822618834823,3.05099971697583,4.06557430611049,1.98428374255877,3.88419071189312,1.98428374255877,4.11283159807786,1.98428374255877,3.49726023905537
novel:OW982309.1_35441,4.37070739095092,5.06726215945046,4.67878492436328,3.64172743596065,3.49325335230059,3.4806238166822,4.00627963156225,2.86649072441154,3.49103799263235,3.49726023905537
novel:OW982309.1_35586,4.71506024063518,3.63289642682862,3.05099971697583,3.03898315731476,5.05196855449731,2.9183324951733,4.00627963156225,3.80377960269855,3.89599448913496,3.90304158478243
novel:OW982310.1_37256,6.14733032875215,6.24357278687141,6.43044314050771,5.25006309938574,6.68038353255493,5.44593472268278,4.59366554673787,5.56461091854607,6.51412966122707,7.16322412270237
known:OW982310.1_37730,7.92937352684426,8.12174421338886,8.37993178860813,7.9227572732989,7.9579694807922,7.55238129908335,7.18265804719573,7.91186471187211,7.51165595412249,7.52103828220105
known:OW982310.1_37733,11.7688491271076,11.8014353436579,11.2046498564745,11.0572614645213,10.4312992712198,10.2716988246977,11.0929689501101,11.173234071785,10.6567645891564,10.6400441549325
known:OW982311.1_36363,10.740228864869,10.6059652296305,10.3479715106621,10.2860877633365,9.70215617417258,9.70781248173348,11.1909072175481,11.1049468513066,10.3694891155202,10.5651844471947
known:OW982311.1_36874,7.27180647864119,7.12035696082698,7.60384444069162,8.28009024638978,7.77763280572953,7.89575910556515,7.6853950963231,7.44380823191932,7.84456871200364,7.16322412270237
known:OW982311.1_36384,10.7910642483933,10.8400765701843,10.2942451979835,10.8261508366754,10.7362749474938,10.5842632735312,10.5833170940738,10.5267276212415,10.5556200010559,10.4862267500011
novel:OW982311.1_36895,3.2530367377353,5.87954562567802,4.08323532037193,4.65929271230995,1.98428374255877,2.9183324951733,2.99898486718363,3.80377960269855,1.98428374255877,2.93063376916467
novel:OW982311.1_36518,3.2530367377353,6.32184354824176,5.09908698236521,5.54167589173698,5.33906520404193,5.18523905352547,4.00627963156225,4.11283159807786,4.690283746042,4.21938734731348
known:OW982311.1_36985,3.91750288252447,5.65605942642612,6.19487189552803,5.89162724189269,5.46369130935329,5.18523905352547,5.59608489720785,5.08672942575903,4.690283746042,5.2081574612297
known:OW982311.1_36636,7.67757983497424,7.20540446909385,6.96843900571396,7.446709594406,7.65228392911502,7.49590647418985,7.5364699640837,7.55035616439013,7.32756895654419,7.16322412270237
known:OW982311.1_36638,7.37235028207639,6.77565502457302,6.501130765301,6.99512065367744,7.65228392911502,7.46681780459826,7.40516544613062,7.62540146770544,7.11650890677809,7.12582593075255
novel:OW982312.1_37839,7.10649133541444,5.06726215945046,5.42416461582566,4.88417709131575,2.92766762638965,2.9183324951733,5.4703342417471,5.08672942575903,3.49103799263235,4.21938734731348
novel:OW982312.1_38376,4.71506024063518,1.98428374255877,1.98428374255877,3.64172743596065,3.49325335230059,3.88419071189312,2.99898486718363,2.86649072441154,3.89599448913496,4.69840780429967
novel:OW982312.1_37957,11.1366735985291,11.309805062177,11.2894761905766,11.2639323161632,10.3528903995085,10.456914639306,10.9501165336511,10.8756857656059,11.2405479810954,11.1371912714718
known:OW982312.1_38440,11.3855170978958,11.0327479843334,10.8149061578569,11.0310525993213,11.3159941958714,10.8911491205933,11.2350763088999,11.3532702031285,11.1439709376324,11.0599819426215
known:OW982312.1_38000,6.54209283242156,7.53608825312935,6.69452131577297,6.25584769853227,5.20264666395015,6.37892612559237,5.1802413984848,6.55512341581727,6.2635321442802,4.88904504346097
known:OW982312.1_38543,5.4261289659074,4.3822618834823,5.09908698236521,5.40322496965254,5.57840250298194,3.88419071189312,6.18185294733188,5.34536718369055,4.690283746042,5.05740645831803
known:OW982312.1_38546,11.2132253556037,10.8729459493879,10.2640741361542,11.4313744666034,11.7080737450174,10.8746326246881,11.3331644970135,11.3642666035991,11.4410235680783,11.4238849837292
known:OW982312.1_38160,17.0623305795393,17.4709506728231,17.5622665768415,16.972077405513,16.7772289901168,16.8714199854513,16.6229461627815,16.9171625383701,16.6669334769299,16.6918489575997
known:OW982313.1_39842,6.45306128609913,7.32425555072483,7.01749242548531,6.84273325624597,5.33906520404193,5.32146737274346,7.01263243283745,6.79071965428475,5.04895968324455,4.88904504346097
known:OW982313.1_39873,9.84327959861953,10.0383707233967,9.36187288226066,10.6688420547956,11.003378991022,10.0493751801737,11.041388214395,11.0447036607299,11.0203574524154,10.889151612095
novel:OW982313.1_39729,6.85171773583711,6.466693197629,7.53812689834378,7.13293853183612,7.04200138543505,7.52442020995329,6.87051974756291,6.44894023901875,7.59558007083531,7.40094133285139
known:OW982314.1_40988,12.443421251868,12.1352878797387,11.9122877087564,12.2602663884123,12.0045548468726,11.8050138139109,12.4292582646019,12.5295324747296,12.24911891548,12.2237266683313
known:OW982314.1_40990,12.8811363168811,12.9742633024486,13.3773977306489,12.6718751579656,12.7913850118374,12.906602646402,12.9589668476125,13.0409633192509,12.8925961098382,12.8889867946643
known:OW982314.1_41004,14.2907580911032,14.8933057886684,14.6769881613272,14.6071199730812,14.3251144533646,14.5038793153552,14.8311169737054,14.8315013732187,14.7752310049318,14.7327133415929
novel:OW982315.1_40718,5.90031323225541,5.77212570422563,5.42416461582566,5.54167589173698,4.69317745217149,3.4806238166822,5.59608489720785,5.56461091854607,4.47080504889721,4.88904504346097
known:OW982315.1_40523,3.2530367377353,5.06726215945046,7.01749242548531,6.47906460105208,6.62807475599188,7.13824941191048,6.71286316326863,6.8751465000692,6.99814346089314,7.23523206788007
novel:OW982315.1_40541,3.2530367377353,3.0322827060525,5.09908698236521,5.07868831684537,4.47361278181666,4.67666242355153,1.98428374255877,3.40995013842173,4.47080504889721,4.21938734731348
known:OW982315.1_40545,11.5608754945078,11.8234632894643,11.6104485893146,11.3130979387754,11.1216012620877,11.056475200227,11.1141472853435,11.2483611755911,10.865563983924,10.9030350335206
known:OW982315.1_40548,10.8876575959006,10.7509372532249,10.7365015102435,10.756765163189,11.0513400251946,10.9342904417431,10.706954702255,10.7359226116032,10.7814579020236,10.6985294270053
novel:OW982316.1_42271,6.7803160334846,5.87954562567802,4.41152499575613,4.65929271230995,2.92766762638965,1.98428374255877,4.32966226356475,4.9376500046875,4.47080504889721,1.98428374255877
novel:OW982316.1_42309,3.2530367377353,3.63289642682862,4.08323532037193,1.98428374255877,4.21452793896735,5.18523905352547,4.81674962516167,1.98428374255877,3.49103799263235,4.21938734731348
novel:OW982316.1_42310,1.98428374255877,4.05569632055427,4.08323532037193,1.98428374255877,4.21452793896735,5.18523905352547,4.81674962516167,1.98428374255877,3.49103799263235,4.69840780429967
novel:OW982316.1_42312,3.91750288252447,4.3822618834823,5.91318251645796,5.78414031338631,5.78362689574817,6.24826526294633,5.59608489720785,4.58340077472421,6.1197611436641,6.46460050407992
known:OW982316.1_42151,9.01414461177599,9.20736583451404,9.28382474566504,8.67556816605967,7.93662220175257,7.95979630669101,8.69975703759485,8.46866751383916,7.84456871200364,7.96404421073633
known:OW982316.1_42152,9.01414461177599,9.20736583451404,9.28382474566504,8.67556816605967,7.93662220175257,7.95979630669101,8.69975703759485,8.46866751383916,7.84456871200364,7.96404421073633
known:OW982317.1_41863,14.3900338837913,14.4608024764363,14.9303324930535,14.2328104798094,14.42022662521,14.5624140980586,14.4968445940513,14.5292153763673,14.4967458006467,14.4882585688511
known:OW982317.1_41865,12.9002071170252,13.2429746143019,13.528877328555,12.7227959906433,12.79212806263,12.9492910558873,12.8265010702688,12.8759688627897,12.6927327577551,12.7290619453051
known:OW982317.1_41877,4.37070739095092,3.63289642682862,4.67878492436328,5.07868831684537,5.46369130935329,6.10458158647946,4.59366554673787,5.22183643909815,5.96006063938542,6.05113511059414
known:OW982317.1_41916,11.175457162682,11.1713256967972,11.3166783634839,11.9464408027283,11.7064980336087,10.7832014977374,11.9735105526991,12.0087307393028,11.7234364226513,11.5207116603468
known:OW982317.1_41918,10.6021181690175,10.8064408231535,10.765507684616,11.1082926616212,10.4502532751467,10.321295323417,10.7981068731754,11.1287869310475,10.9370146437671,10.9276933989449
novel:OW982317.1_41730,5.22569568136603,5.23846654920397,5.68929490066139,5.66799579746151,6.95973532326135,6.89789958251865,6.01172660070274,5.75488996364777,6.33037900199905,6.87845779875395
novel:OW982317.1_41751,6.02910209414663,6.07301049320744,4.08323532037193,1.98428374255877,3.89850398894404,3.88419071189312,2.99898486718363,4.11283159807786,1.98428374255877,3.90304158478243
novel:OW982317.1_41789,7.46634122260638,6.77565502457302,8.47079615329452,7.76207869342475,7.65228392911502,7.80569948775653,7.71342039656735,7.35839308759055,7.64893438494268,8.04641364448781
novel:OW982318.1_43086,8.79617899694079,6.07301049320744,4.67878492436328,4.39276231858477,2.92766762638965,4.67666242355153,6.71286316326863,7.1022991912441,4.21183999590118,4.47868816192809
known:OW982318.1_43175,8.49540466035033,8.92343083016135,8.6833081551565,8.660449916436,8.06021017118145,7.91742220518163,7.56751026019511,7.57580747973892,7.56814425515074,7.57753454156787
novel:OW982318.1_42875,3.2530367377353,4.64837967371631,4.08323532037193,4.39276231858477,4.21452793896735,5.0347930142393,2.99898486718363,3.40995013842173,5.04895968324455,4.47868816192809
novel:OW982319.1_40064,6.02910209414663,5.65605942642612,4.41152499575613,5.25006309938574,5.87623774274179,5.18523905352547,4.32966226356475,6.07349908005568,5.78045575906817,5.96904260881428
known:OW982319.1_40269,7.10649133541444,6.24357278687141,4.41152499575613,4.06557430611049,3.49325335230059,3.4806238166822,3.58881464016824,4.36721764688861,3.49103799263235,2.93063376916467
novel:OW982319.1_40314,4.37070739095092,3.0322827060525,1.98428374255877,1.98428374255877,4.47361278181666,4.19919241120571,4.81674962516167,3.40995013842173,1.98428374255877,3.49726023905537
novel:OW982319.1_40347,1.98428374255877,1.98428374255877,4.08323532037193,4.65929271230995,4.21452793896735,4.45759067645058,2.99898486718363,4.58340077472421,4.88073966251271,3.90304158478243
novel:OW982319.1_40349,3.2530367377353,3.63289642682862,3.05099971697583,4.88417709131575,4.47361278181666,1.98428374255877,1.98428374255877,4.11283159807786,4.21183999590118,4.47868816192809
novel:OW982319.1_40350,3.2530367377353,3.63289642682862,3.05099971697583,4.88417709131575,4.47361278181666,1.98428374255877,1.98428374255877,4.11283159807786,4.21183999590118,4.47868816192809
novel:OW982319.1_40159,4.71506024063518,3.0322827060525,4.08323532037193,1.98428374255877,2.92766762638965,1.98428374255877,4.32966226356475,2.86649072441154,1.98428374255877,1.98428374255877
novel:OW982319.1_40366,4.99285314866851,5.06726215945046,4.67878492436328,4.65929271230995,4.69317745217149,4.67666242355153,5.00991322839769,4.58340077472421,4.88073966251271,3.49726023905537
novel:OW982320.1_41483,6.7803160334846,7.56855597182916,8.01957619567471,7.21800702976487,8.36192775654847,8.38990177322256,7.14199306607905,7.23602112232345,7.9756423099572,8.28563846254228
novel:OW982320.1_41282,3.91750288252447,4.05569632055427,4.08323532037193,4.06557430611049,5.68466079119506,5.8580434594966,5.00991322839769,4.58340077472421,6.1197611436641,5.05740645831803
novel:OW982320.1_41385,5.60208252717399,6.71893048903957,6.63289392893985,6.54640357366417,6.95973532326135,5.56051141551266,6.9667995317086,6.79071965428475,6.77633996921671,7.04798918401425
novel:OW982321.1_43195,8.86681871695366,9.23796786080523,8.60523261817012,8.84561304395838,7.84792678825825,7.78227789223504,8.64260176828198,8.49558777070961,9.07561279747119,9.30183659479069
novel:OW982321.1_43500,4.37070739095092,4.3822618834823,5.68929490066139,3.64172743596065,4.21452793896735,4.45759067645058,4.32966226356475,4.11283159807786,2.92602860058817,4.21938734731348
novel:OW982322.1_46516,4.71506024063518,4.8729704847982,5.42416461582566,4.88417709131575,1.98428374255877,5.0347930142393,2.99898486718363,2.86649072441154,1.98428374255877,3.90304158478243
known:OW982324.1_46568,6.7803160334846,7.43405637165918,7.57135983227469,6.25584769853227,5.57840250298194,5.8580434594966,6.59729305270367,5.66288519081649,5.46058116431822,5.34463573838801
novel:OW982326.1_36224,9.23050112472762,7.88445739022975,7.94546601711779,7.87116085912573,8.55640663082232,8.17291817090207,8.47264019412102,8.69457655003412,8.22438526809364,7.70979343972262
